1	AotNan,CalJac,HylMol...ColAng,GorGor,HomSap,MacMul,MacNem,PanPan,PanTro,PapAnu,PapCyn	85565
2	AotNan,CalJac,GorGor,HomSap,PanPan,PanTro...ColAng,HylMol,MacMul,MacNem,PapAnu,PapCyn	75021
3	AotNan,CalJac,ColAng...GorGor,HomSap,HylMol,MacMul,MacNem,PanPan,PanTro,PapAnu,PapCyn	64062
4	AotNan,GorGor,HomSap,HylMol,PanPan,PanTro...CalJac,ColAng,MacMul,MacNem,PapAnu,PapCyn	62287
5	AotNan,CalJac,MacMul,MacNem,PapAnu,PapCyn...ColAng,GorGor,HomSap,HylMol,PanPan,PanTro	51057
6	AotNan,ColAng,MacMul,MacNem,PapAnu,PapCyn...CalJac,GorGor,HomSap,HylMol,PanPan,PanTro	50558
7	AotNan,ColAng,GorGor,HomSap,MacMul,MacNem,PanPan,PanTro,PapAnu,PapCyn...CalJac,HylMol	35333
8	AotNan,GorGor,HomSap,HylMol,MacMul,MacNem,PanPan,PanTro,PapAnu,PapCyn...CalJac,ColAng	29922
9	AotNan,HylMol...CalJac,ColAng,GorGor,HomSap,MacMul,MacNem,PanPan,PanTro,PapAnu,PapCyn	27555
10	AotNan,CalJac,ColAng,HomSap,HylMol,MacMul,MacNem,PapAnu,PapCyn...GorGor,PanPan,PanTro	25459
11	AotNan,CalJac,GorGor,HomSap,MacMul,MacNem,PanPan,PanTro,PapAnu,PapCyn...ColAng,HylMol	24772
12	AotNan,ColAng...CalJac,GorGor,HomSap,HylMol,MacMul,MacNem,PanPan,PanTro,PapAnu,PapCyn	22594
13	AotNan,CalJac,ColAng,HylMol,MacMul,MacNem,PanPan,PanTro,PapAnu,PapCyn...GorGor,HomSap	22443
14	AotNan,ColAng,HylMol,MacMul,MacNem,PapAnu,PapCyn...CalJac,GorGor,HomSap,PanPan,PanTro	21494
15	AotNan,CalJac,GorGor...ColAng,HomSap,HylMol,MacMul,MacNem,PanPan,PanTro,PapAnu,PapCyn	20131
16	AotNan,ColAng,GorGor,HomSap,HylMol,PanPan,PanTro...CalJac,MacMul,MacNem,PapAnu,PapCyn	18907
17	AotNan,GorGor,HomSap,PanPan,PanTro...CalJac,ColAng,HylMol,MacMul,MacNem,PapAnu,PapCyn	17113
18	AotNan,CalJac,GorGor,HomSap,HylMol,PanPan,PanTro,PapAnu,PapCyn...ColAng,MacMul,MacNem	16589
19	AotNan,CalJac,GorGor,HomSap,HylMol,MacMul,MacNem,PanPan,PanTro...ColAng,PapAnu,PapCyn	15764
20	AotNan,CalJac,HylMol,MacMul,MacNem,PapAnu,PapCyn...ColAng,GorGor,HomSap,PanPan,PanTro	15243
21	AotNan,CalJac,PapAnu,PapCyn...ColAng,GorGor,HomSap,HylMol,MacMul,MacNem,PanPan,PanTro	14891
22	AotNan,CalJac,HomSap...ColAng,GorGor,HylMol,MacMul,MacNem,PanPan,PanTro,PapAnu,PapCyn	14734
23	AotNan,CalJac,ColAng,GorGor,HomSap,PanPan,PanTro...HylMol,MacMul,MacNem,PapAnu,PapCyn	14012
24	AotNan,MacMul,MacNem,PapAnu,PapCyn...CalJac,ColAng,GorGor,HomSap,HylMol,PanPan,PanTro	12752
25	AotNan,CalJac,MacMul,MacNem...ColAng,GorGor,HomSap,HylMol,PanPan,PanTro,PapAnu,PapCyn	12209
26	AotNan,CalJac,ColAng,HomSap,MacMul,MacNem,PanPan,PanTro,PapAnu,PapCyn...GorGor,HylMol	11958
27	AotNan,CalJac,PanPan,PanTro...ColAng,GorGor,HomSap,HylMol,MacMul,MacNem,PapAnu,PapCyn	11516
28	AotNan,ColAng,HomSap,HylMol,MacMul,MacNem,PanPan,PanTro,PapAnu,PapCyn...CalJac,GorGor	10674
29	AotNan,CalJac,ColAng,GorGor,MacMul,MacNem,PapAnu,PapCyn...HomSap,HylMol,PanPan,PanTro	10147
30	AotNan,CalJac,HomSap,HylMol,PanPan,PanTro...ColAng,GorGor,MacMul,MacNem,PapAnu,PapCyn	9741
31	AotNan,CalJac,ColAng,HylMol...GorGor,HomSap,MacMul,MacNem,PanPan,PanTro,PapAnu,PapCyn	9067
32	AotNan,GorGor...CalJac,ColAng,HomSap,HylMol,MacMul,MacNem,PanPan,PanTro,PapAnu,PapCyn	7946
33	AotNan,CalJac,ColAng,GorGor,MacMul,MacNem,PanPan,PanTro,PapAnu,PapCyn...HomSap,HylMol	7804
34	AotNan,ColAng,GorGor,HylMol,MacMul,MacNem,PanPan,PanTro,PapAnu,PapCyn...CalJac,HomSap	7689
35	AotNan,ColAng,GorGor,HomSap,HylMol,MacMul,MacNem,PanPan,PanTro...CalJac,PapAnu,PapCyn	7567
36	AotNan,CalJac,HomSap,HylMol,MacMul,MacNem,PanPan,PanTro,PapAnu,PapCyn...ColAng,GorGor	7036
37	AotNan,CalJac,GorGor,HylMol,PanPan,PanTro...ColAng,HomSap,MacMul,MacNem,PapAnu,PapCyn	6854
38	AotNan,CalJac,HomSap,PanPan,PanTro...ColAng,GorGor,HylMol,MacMul,MacNem,PapAnu,PapCyn	6592
39	AotNan,ColAng,GorGor,HomSap,HylMol,PanPan,PanTro,PapAnu,PapCyn...CalJac,MacMul,MacNem	5990
40	AotNan,CalJac,ColAng,GorGor,HomSap,MacMul,MacNem,PapAnu,PapCyn...HylMol,PanPan,PanTro	5931
41	AotNan,HomSap...CalJac,ColAng,GorGor,HylMol,MacMul,MacNem,PanPan,PanTro,PapAnu,PapCyn	5870
42	AotNan,CalJac,ColAng,HomSap,MacMul,MacNem,PapAnu,PapCyn...GorGor,HylMol,PanPan,PanTro	5845
43	AotNan,ColAng,GorGor,HomSap,HylMol,MacMul,MacNem,PapAnu,PapCyn...CalJac,PanPan,PanTro	5705
44	AotNan,CalJac,GorGor,HylMol,MacMul,MacNem,PanPan,PanTro,PapAnu,PapCyn...ColAng,HomSap	5261
45	AotNan,CalJac,GorGor,HomSap,HylMol...ColAng,MacMul,MacNem,PanPan,PanTro,PapAnu,PapCyn	5151
46	AotNan,CalJac,ColAng,GorGor,HomSap,MacMul,MacNem,PanPan,PanTro...HylMol,PapAnu,PapCyn	5118
47	AotNan,PapAnu,PapCyn...CalJac,ColAng,GorGor,HomSap,HylMol,MacMul,MacNem,PanPan,PanTro	4914
48	AotNan,CalJac,ColAng,GorGor,HomSap,PanPan,PanTro,PapAnu,PapCyn...HylMol,MacMul,MacNem	4621
49	AotNan,CalJac,ColAng,MacMul,MacNem,PanPan,PanTro,PapAnu,PapCyn...GorGor,HomSap,HylMol	4597
50	AotNan,MacMul,MacNem...CalJac,ColAng,GorGor,HomSap,HylMol,PanPan,PanTro,PapAnu,PapCyn	4399
51	AotNan,PanPan,PanTro...CalJac,ColAng,GorGor,HomSap,HylMol,MacMul,MacNem,PapAnu,PapCyn	4376
52	AotNan,CalJac,ColAng,MacMul,MacNem...GorGor,HomSap,HylMol,PanPan,PanTro,PapAnu,PapCyn	4252
53	AotNan,CalJac,ColAng,PapAnu,PapCyn...GorGor,HomSap,HylMol,MacMul,MacNem,PanPan,PanTro	3945
54	AotNan,CalJac,GorGor,HylMol...ColAng,HomSap,MacMul,MacNem,PanPan,PanTro,PapAnu,PapCyn	3892
55	AotNan,CalJac,GorGor,HomSap,HylMol,MacMul,MacNem,PapAnu,PapCyn...ColAng,PanPan,PanTro	3674
56	AotNan,CalJac,PanPan...ColAng,GorGor,HomSap,HylMol,MacMul,MacNem,PanTro,PapAnu,PapCyn	3518
57	AotNan,CalJac,ColAng,HomSap,HylMol,PanPan,PanTro...GorGor,MacMul,MacNem,PapAnu,PapCyn	3473
58	AotNan,CalJac,MacNem...ColAng,GorGor,HomSap,HylMol,MacMul,PanPan,PanTro,PapAnu,PapCyn	3301
59	AotNan,CalJac,ColAng,GorGor,HylMol,MacMul,MacNem,PanPan,PapAnu,PapCyn...HomSap,PanTro	3189
60	AotNan,CalJac,ColAng,GorGor,HylMol,MacMul,MacNem,PanTro,PapAnu,PapCyn...HomSap,PanPan	3167
61	AotNan,ColAng,GorGor,HylMol,MacMul,MacNem,PapAnu,PapCyn...CalJac,HomSap,PanPan,PanTro	3040
62	AotNan,CalJac,ColAng,HylMol,MacMul,MacNem...GorGor,HomSap,PanPan,PanTro,PapAnu,PapCyn	2850
63	AotNan,CalJac,ColAng,GorGor,HomSap,HylMol,MacMul,PanPan,PanTro...MacNem,PapAnu,PapCyn	2832
64	AotNan,CalJac,MacMul...ColAng,GorGor,HomSap,HylMol,MacNem,PanPan,PanTro,PapAnu,PapCyn	2815
65	AotNan,CalJac,PanTro...ColAng,GorGor,HomSap,HylMol,MacMul,MacNem,PanPan,PapAnu,PapCyn	2770
66	AotNan,CalJac,GorGor,HomSap,HylMol,MacMul,PanPan,PanTro...ColAng,MacNem,PapAnu,PapCyn	2645
67	AotNan,CalJac,ColAng,GorGor,HylMol,PanPan,PanTro...HomSap,MacMul,MacNem,PapAnu,PapCyn	2598
68	AotNan,CalJac,ColAng,HylMol,PapAnu,PapCyn...GorGor,HomSap,MacMul,MacNem,PanPan,PanTro	2558
69	AotNan,CalJac,ColAng,GorGor,HomSap,HylMol,MacNem,PanPan,PanTro...MacMul,PapAnu,PapCyn	2494
70	AotNan,HomSap,PanPan,PanTro...CalJac,ColAng,GorGor,HylMol,MacMul,MacNem,PapAnu,PapCyn	2403
71	AotNan,CalJac,PapAnu...ColAng,GorGor,HomSap,HylMol,MacMul,MacNem,PanPan,PanTro,PapCyn	2308
72	AotNan,CalJac,GorGor,HomSap,HylMol,MacNem,PanPan,PanTro...ColAng,MacMul,PapAnu,PapCyn	2126
73	AotNan,CalJac,GorGor,HylMol,MacMul,MacNem,PapAnu,PapCyn...ColAng,HomSap,PanPan,PanTro	2094
74	AotNan,CalJac,ColAng,GorGor,HomSap,HylMol,PanPan,PanTro,PapAnu...MacMul,MacNem,PapCyn	2087
75	AotNan,CalJac,ColAng,HylMol,MacMul,MacNem,PanPan,PapAnu,PapCyn...GorGor,HomSap,PanTro	2055
76	AotNan,CalJac,ColAng,GorGor,HomSap,HylMol...MacMul,MacNem,PanPan,PanTro,PapAnu,PapCyn	1814
77	AotNan,ColAng,GorGor,HomSap,HylMol,MacMul,PanPan,PanTro,PapAnu,PapCyn...CalJac,MacNem	1800
78	AotNan,ColAng,GorGor,HomSap,HylMol,MacMul,MacNem,PanTro,PapAnu,PapCyn...CalJac,PanPan	1791
79	AotNan,CalJac,ColAng,HylMol,MacMul,MacNem,PanTro,PapAnu,PapCyn...GorGor,HomSap,PanPan	1753
80	AotNan,CalJac,GorGor,HomSap,HylMol,PanTro...ColAng,MacMul,MacNem,PanPan,PapAnu,PapCyn	1752
81	AotNan,CalJac,ColAng,GorGor,HomSap,HylMol,PanPan,PanTro,PapCyn...MacMul,MacNem,PapAnu	1714
82	AotNan,CalJac,ColAng,GorGor,HomSap,MacMul,MacNem,PanTro,PapAnu,PapCyn...HylMol,PanPan	1704
83	AotNan,CalJac,GorGor,PanPan,PanTro...ColAng,HomSap,HylMol,MacMul,MacNem,PapAnu,PapCyn	1691
84	AotNan,CalJac,GorGor,HomSap,HylMol,PanPan,PanTro,PapAnu...ColAng,MacMul,MacNem,PapCyn	1616
85	AotNan,CalJac,GorGor,HomSap,HylMol,MacMul,PanPan,PanTro,PapAnu,PapCyn...ColAng,MacNem	1592
86	AotNan,CalJac,ColAng,HomSap,HylMol,MacMul,MacNem,PanPan,PanTro...GorGor,PapAnu,PapCyn	1537
87	AotNan,CalJac,HomSap,HylMol...ColAng,GorGor,MacMul,MacNem,PanPan,PanTro,PapAnu,PapCyn	1510
88	AotNan,CalJac,ColAng,HomSap,HylMol,MacMul,MacNem,PanTro,PapAnu,PapCyn...GorGor,PanPan	1505
89	AotNan,CalJac,GorGor,HomSap...ColAng,HylMol,MacMul,MacNem,PanPan,PanTro,PapAnu,PapCyn	1474
90	AotNan,ColAng,GorGor,HomSap,HylMol,MacMul,MacNem,PanPan,PapAnu,PapCyn...CalJac,PanTro	1448
91	AotNan,PanPan...CalJac,ColAng,GorGor,HomSap,HylMol,MacMul,MacNem,PanTro,PapAnu,PapCyn	1430
92	AotNan,ColAng,GorGor,HomSap,HylMol,MacNem,PanPan,PanTro,PapAnu,PapCyn...CalJac,MacMul	1427
93	AotNan,CalJac,GorGor,HomSap,HylMol,PanPan...ColAng,MacMul,MacNem,PanTro,PapAnu,PapCyn	1403
94	AotNan,CalJac,ColAng,MacMul,MacNem,PanPan,PapAnu,PapCyn...GorGor,HomSap,HylMol,PanTro	1387
95	AotNan,CalJac,ColAng,GorGor,HomSap,MacMul,PanPan,PanTro,PapAnu,PapCyn...HylMol,MacNem	1386
96	AotNan,GorGor,HomSap,MacMul,MacNem,PanPan,PanTro,PapAnu,PapCyn...CalJac,ColAng,HylMol	1378
97	AotNan,CalJac,GorGor,HomSap,HylMol,MacNem,PanPan,PanTro,PapAnu,PapCyn...ColAng,MacMul	1367
98	AotNan,CalJac,HylMol,PanPan,PanTro...ColAng,GorGor,HomSap,MacMul,MacNem,PapAnu,PapCyn	1354
99	AotNan,ColAng,GorGor,HomSap,PanPan,PanTro...CalJac,HylMol,MacMul,MacNem,PapAnu,PapCyn	1315
100	AotNan,CalJac,ColAng,GorGor,HomSap,MacMul,MacNem,PanPan,PapAnu,PapCyn...HylMol,PanTro	1311
101	AotNan,MacNem...CalJac,ColAng,GorGor,HomSap,HylMol,MacMul,PanPan,PanTro,PapAnu,PapCyn	1296
102	AotNan,CalJac,ColAng,HomSap,HylMol,PanPan,PanTro,PapAnu,PapCyn...GorGor,MacMul,MacNem	1295
103	AotNan,CalJac,GorGor,HomSap,HylMol,MacMul,MacNem,PanTro,PapAnu,PapCyn...ColAng,PanPan	1283
104	AotNan,CalJac,PapCyn...ColAng,GorGor,HomSap,HylMol,MacMul,MacNem,PanPan,PanTro,PapAnu	1275
105	AotNan,CalJac,ColAng,HomSap,HylMol,MacMul,MacNem,PanPan,PapAnu,PapCyn...GorGor,PanTro	1262
106	AotNan,ColAng,HylMol...CalJac,GorGor,HomSap,MacMul,MacNem,PanPan,PanTro,PapAnu,PapCyn	1251
107	AotNan,HylMol,MacMul,MacNem,PapAnu,PapCyn...CalJac,ColAng,GorGor,HomSap,PanPan,PanTro	1213
108	AotNan,ColAng,GorGor,HomSap,HylMol,MacMul,MacNem,PanPan,PanTro,PapCyn...CalJac,PapAnu	1182
109	AotNan,PanTro...CalJac,ColAng,GorGor,HomSap,HylMol,MacMul,MacNem,PanPan,PapAnu,PapCyn	1116
110	AotNan,CalJac,ColAng,MacMul,MacNem,PanTro,PapAnu,PapCyn...GorGor,HomSap,HylMol,PanPan	1093
111	AotNan,CalJac,ColAng,GorGor,HomSap,MacNem,PanPan,PanTro,PapAnu,PapCyn...HylMol,MacMul	1092
112	AotNan,CalJac,ColAng,GorGor,HylMol...HomSap,MacMul,MacNem,PanPan,PanTro,PapAnu,PapCyn	1067
113	AotNan,CalJac,ColAng,GorGor,HylMol,MacMul,MacNem,PanPan,PanTro...HomSap,PapAnu,PapCyn	1046
114	AotNan,MacMul...CalJac,ColAng,GorGor,HomSap,HylMol,MacNem,PanPan,PanTro,PapAnu,PapCyn	1030
115	AotNan,CalJac,GorGor,HomSap,PanPan,PanTro,PapAnu,PapCyn...ColAng,HylMol,MacMul,MacNem	1009
116	AotNan,CalJac,GorGor,HomSap,HylMol,MacMul,MacNem,PanPan,PanTro,PapCyn...ColAng,PapAnu	991
117	AotNan,CalJac,HylMol,PapAnu,PapCyn...ColAng,GorGor,HomSap,MacMul,MacNem,PanPan,PanTro	982
118	AotNan,CalJac,ColAng,GorGor,HylMol,PanPan,PanTro,PapAnu,PapCyn...HomSap,MacMul,MacNem	973
119	AotNan,CalJac,ColAng,MacMul,PapAnu,PapCyn...GorGor,HomSap,HylMol,MacNem,PanPan,PanTro	962
120	AotNan,CalJac,GorGor,HomSap,HylMol,MacMul,MacNem,PanPan,PapAnu,PapCyn...ColAng,PanTro	962
121	AotNan,CalJac,ColAng,GorGor...HomSap,HylMol,MacMul,MacNem,PanPan,PanTro,PapAnu,PapCyn	953
122	AotNan,HomSap,HylMol,PanPan,PanTro...CalJac,ColAng,GorGor,MacMul,MacNem,PapAnu,PapCyn	948
123	AotNan,CalJac,GorGor,HomSap,MacMul,MacNem,PanPan,PanTro...ColAng,HylMol,PapAnu,PapCyn	913
124	AotNan,CalJac,GorGor,HomSap,HylMol,PanPan,PanTro,PapCyn...ColAng,MacMul,MacNem,PapAnu	907
125	AotNan,CalJac,ColAng,MacNem,PapAnu,PapCyn...GorGor,HomSap,HylMol,MacMul,PanPan,PanTro	868
126	AotNan,CalJac,HylMol,MacMul,MacNem...ColAng,GorGor,HomSap,PanPan,PanTro,PapAnu,PapCyn	855
127	AotNan,CalJac,ColAng,GorGor,HomSap,MacMul,MacNem,PanPan,PanTro,PapCyn...HylMol,PapAnu	839
128	AotNan,PapAnu...CalJac,ColAng,GorGor,HomSap,HylMol,MacMul,MacNem,PanPan,PanTro,PapCyn	815
129	AotNan,CalJac,GorGor,MacMul,MacNem,PapAnu,PapCyn...ColAng,HomSap,HylMol,PanPan,PanTro	807
130	AotNan,CalJac,ColAng,GorGor,HomSap,HylMol,MacMul,MacNem...PanPan,PanTro,PapAnu,PapCyn	779
131	AotNan,CalJac,ColAng,HylMol,MacMul,PapAnu,PapCyn...GorGor,HomSap,MacNem,PanPan,PanTro	753
132	AotNan,ColAng,GorGor,MacMul,MacNem,PapAnu,PapCyn...CalJac,HomSap,HylMol,PanPan,PanTro	723
133	AotNan,CalJac,ColAng,HylMol,MacNem,PapAnu,PapCyn...GorGor,HomSap,MacMul,PanPan,PanTro	696
134	AotNan,CalJac,ColAng,GorGor,HomSap,HylMol,PapAnu,PapCyn...MacMul,MacNem,PanPan,PanTro	675
135	AotNan,ColAng,HomSap,MacMul,MacNem,PanPan,PanTro,PapAnu,PapCyn...CalJac,GorGor,HylMol	672
136	AotNan,ColAng,GorGor,HomSap,HylMol,MacMul,MacNem,PanPan,PanTro,PapAnu...CalJac,PapCyn	671
137	AotNan,GorGor,HomSap,HylMol,MacMul,MacNem,PanPan,PanTro...CalJac,ColAng,PapAnu,PapCyn	671
138	AotNan,GorGor,HomSap,HylMol,PanPan,PanTro,PapAnu,PapCyn...CalJac,ColAng,MacMul,MacNem	665
139	AotNan,CalJac,GorGor,HomSap,HylMol,MacMul,MacNem,PanPan,PanTro,PapAnu...ColAng,PapCyn	655
140	AotNan,CalJac,ColAng,HomSap...GorGor,HylMol,MacMul,MacNem,PanPan,PanTro,PapAnu,PapCyn	629
141	AotNan,CalJac,ColAng,GorGor,HomSap,HylMol,PanTro...MacMul,MacNem,PanPan,PapAnu,PapCyn	622
142	AotNan,CalJac,ColAng,MacMul,MacNem,PapCyn...GorGor,HomSap,HylMol,PanPan,PanTro,PapAnu	607
143	AotNan,ColAng,HomSap,HylMol,MacMul,MacNem,PapAnu,PapCyn...CalJac,GorGor,PanPan,PanTro	600
144	AotNan,GorGor,HylMol,PanPan,PanTro...CalJac,ColAng,HomSap,MacMul,MacNem,PapAnu,PapCyn	600
145	AotNan,ColAng,MacMul,MacNem...CalJac,GorGor,HomSap,HylMol,PanPan,PanTro,PapAnu,PapCyn	599
146	AotNan,GorGor,HylMol...CalJac,ColAng,HomSap,MacMul,MacNem,PanPan,PanTro,PapAnu,PapCyn	597
147	AotNan,ColAng,HylMol,MacMul,MacNem,PanPan,PanTro,PapAnu,PapCyn...CalJac,GorGor,HomSap	567
148	AotNan,ColAng,PapAnu,PapCyn...CalJac,GorGor,HomSap,HylMol,MacMul,MacNem,PanPan,PanTro	565
149	AotNan,CalJac,HomSap,MacMul,MacNem,PanPan,PanTro,PapAnu,PapCyn...ColAng,GorGor,HylMol	557
150	AotNan,CalJac,HomSap,MacMul,MacNem,PapAnu,PapCyn...ColAng,GorGor,HylMol,PanPan,PanTro	533
151	AotNan,CalJac,ColAng,PanPan,PanTro...GorGor,HomSap,HylMol,MacMul,MacNem,PapAnu,PapCyn	519
152	AotNan,CalJac,ColAng,GorGor,HomSap,HylMol,PanPan...MacMul,MacNem,PanTro,PapAnu,PapCyn	513
153	AotNan,CalJac,ColAng,GorGor,HomSap,MacMul,MacNem,PanPan,PanTro,PapAnu...HylMol,PapCyn	502
154	AotNan,CalJac,ColAng,HylMol,MacMul,MacNem,PapCyn...GorGor,HomSap,PanPan,PanTro,PapAnu	499
155	AotNan,PapCyn...CalJac,ColAng,GorGor,HomSap,HylMol,MacMul,MacNem,PanPan,PanTro,PapAnu	496
156	AotNan,GorGor,HomSap...CalJac,ColAng,HylMol,MacMul,MacNem,PanPan,PanTro,PapAnu,PapCyn	486
157	AotNan,CalJac,ColAng,HomSap,PanPan,PanTro...GorGor,HylMol,MacMul,MacNem,PapAnu,PapCyn	476
158	AotNan,GorGor,HomSap,HylMol...CalJac,ColAng,MacMul,MacNem,PanPan,PanTro,PapAnu,PapCyn	467
159	AotNan,GorGor,PanPan,PanTro...CalJac,ColAng,HomSap,HylMol,MacMul,MacNem,PapAnu,PapCyn	455
160	AotNan,CalJac,HomSap,HylMol,MacMul,MacNem,PapAnu,PapCyn...ColAng,GorGor,PanPan,PanTro	448
161	AotNan,CalJac,MacMul,MacNem,PanPan,PanTro,PapAnu,PapCyn...ColAng,GorGor,HomSap,HylMol	421
162	AotNan,ColAng,HomSap,MacMul,MacNem,PapAnu,PapCyn...CalJac,GorGor,HylMol,PanPan,PanTro	420
163	AotNan,CalJac,HylMol,MacMul,MacNem,PanPan,PanTro,PapAnu,PapCyn...ColAng,GorGor,HomSap	409
164	AotNan,CalJac,ColAng,HomSap,HylMol,MacMul,PanPan,PanTro,PapAnu,PapCyn...GorGor,MacNem	408
165	AotNan,CalJac,ColAng,MacMul,MacNem,PapAnu...GorGor,HomSap,HylMol,PanPan,PanTro,PapCyn	376
166	AotNan,CalJac,ColAng,GorGor,HylMol,MacMul,MacNem...HomSap,PanPan,PanTro,PapAnu,PapCyn	376
167	AotNan,ColAng,GorGor,MacMul,MacNem,PanPan,PanTro,PapAnu,PapCyn...CalJac,HomSap,HylMol	368
168	AotNan,CalJac,GorGor,MacMul,MacNem,PanPan,PanTro,PapAnu,PapCyn...ColAng,HomSap,HylMol	361
169	AotNan,ColAng,MacMul,MacNem,PanPan,PanTro,PapAnu,PapCyn...CalJac,GorGor,HomSap,HylMol	358
170	AotNan,CalJac,ColAng,GorGor,HylMol,PapAnu,PapCyn...HomSap,MacMul,MacNem,PanPan,PanTro	343
171	AotNan,HomSap,HylMol,MacMul,MacNem,PanPan,PanTro,PapAnu,PapCyn...CalJac,ColAng,GorGor	329
172	AotNan,HomSap,HylMol...CalJac,ColAng,GorGor,MacMul,MacNem,PanPan,PanTro,PapAnu,PapCyn	306
173	AotNan,CalJac,HylMol,PanPan...ColAng,GorGor,HomSap,MacMul,MacNem,PanTro,PapAnu,PapCyn	304
174	AotNan,ColAng,GorGor,HomSap,MacMul,MacNem,PapAnu,PapCyn...CalJac,HylMol,PanPan,PanTro	304
175	AotNan,CalJac,ColAng,HomSap,HylMol,MacNem,PanPan,PanTro,PapAnu,PapCyn...GorGor,MacMul	303
176	AotNan,CalJac,ColAng,HylMol,MacMul,MacNem,PapAnu...GorGor,HomSap,PanPan,PanTro,PapCyn	297
177	AotNan,CalJac,ColAng,HomSap,HylMol...GorGor,MacMul,MacNem,PanPan,PanTro,PapAnu,PapCyn	297
178	AotNan,ColAng,GorGor,HomSap,MacMul,MacNem,PanPan,PanTro...CalJac,HylMol,PapAnu,PapCyn	293
179	AotNan,CalJac,ColAng,GorGor,HomSap,HylMol,MacMul,MacNem,PanTro...PanPan,PapAnu,PapCyn	286
180	AotNan,CalJac,ColAng,GorGor,HylMol,MacMul,PanPan,PanTro,PapAnu,PapCyn...HomSap,MacNem	283
181	AotNan,CalJac,ColAng,GorGor,HomSap,HylMol,PanTro,PapAnu,PapCyn...MacMul,MacNem,PanPan	277
182	AotNan,CalJac,ColAng,HylMol,PanPan,PanTro...GorGor,HomSap,MacMul,MacNem,PapAnu,PapCyn	261
183	AotNan,HylMol,PanPan,PanTro...CalJac,ColAng,GorGor,HomSap,MacMul,MacNem,PapAnu,PapCyn	256
184	AotNan,CalJac,GorGor,HomSap,MacMul,MacNem,PapAnu,PapCyn...ColAng,HylMol,PanPan,PanTro	250
185	AotNan,CalJac,ColAng,HomSap,HylMol,MacMul,MacNem,PanPan,PanTro,PapCyn...GorGor,PapAnu	243
186	AotNan,CalJac,HylMol,PanTro...ColAng,GorGor,HomSap,MacMul,MacNem,PanPan,PapAnu,PapCyn	243
187	AotNan,ColAng,HylMol,MacMul,MacNem...CalJac,GorGor,HomSap,PanPan,PanTro,PapAnu,PapCyn	234
188	AotNan,CalJac,GorGor,PapAnu,PapCyn...ColAng,HomSap,HylMol,MacMul,MacNem,PanPan,PanTro	231
189	AotNan,ColAng,GorGor...CalJac,HomSap,HylMol,MacMul,MacNem,PanPan,PanTro,PapAnu,PapCyn	229
190	AotNan,ColAng,HomSap,HylMol,PanPan,PanTro...CalJac,GorGor,MacMul,MacNem,PapAnu,PapCyn	227
191	AotNan,CalJac,ColAng,GorGor,PanPan,PanTro...HomSap,HylMol,MacMul,MacNem,PapAnu,PapCyn	225
192	AotNan,GorGor,HylMol,MacMul,MacNem,PanPan,PanTro,PapAnu,PapCyn...CalJac,ColAng,HomSap	224
193	AotNan,ColAng,GorGor,HomSap,PanPan,PanTro,PapAnu,PapCyn...CalJac,HylMol,MacMul,MacNem	222
194	AotNan,CalJac,ColAng,GorGor,HylMol,MacNem,PanPan,PanTro,PapAnu,PapCyn...HomSap,MacMul	218
195	AotNan,CalJac,MacNem,PapAnu,PapCyn...ColAng,GorGor,HomSap,HylMol,MacMul,PanPan,PanTro	217
196	AotNan,CalJac,ColAng,GorGor,HomSap,HylMol,MacMul,PapAnu,PapCyn...MacNem,PanPan,PanTro	215
197	AotNan,HylMol,PapAnu,PapCyn...CalJac,ColAng,GorGor,HomSap,MacMul,MacNem,PanPan,PanTro	212
198	AotNan,CalJac,GorGor,HomSap,PanTro...ColAng,HylMol,MacMul,MacNem,PanPan,PapAnu,PapCyn	204
199	AotNan,CalJac,ColAng,GorGor,HylMol,MacMul,MacNem,PanPan,PanTro,PapCyn...HomSap,PapAnu	201
200	AotNan,CalJac,MacMul,PapAnu,PapCyn...ColAng,GorGor,HomSap,HylMol,MacNem,PanPan,PanTro	197
201	AotNan,HylMol,MacMul,MacNem...CalJac,ColAng,GorGor,HomSap,PanPan,PanTro,PapAnu,PapCyn	196
202	AotNan,CalJac,ColAng,GorGor,HomSap,HylMol,MacMul,MacNem,PanPan...PanTro,PapAnu,PapCyn	194
203	AotNan,ColAng,HomSap...CalJac,GorGor,HylMol,MacMul,MacNem,PanPan,PanTro,PapAnu,PapCyn	191
204	AotNan,CalJac,ColAng,GorGor,HomSap,HylMol,PanPan,PapAnu,PapCyn...MacMul,MacNem,PanTro	188
205	AotNan,CalJac,HylMol,MacNem...ColAng,GorGor,HomSap,MacMul,PanPan,PanTro,PapAnu,PapCyn	184
206	AotNan,ColAng,HylMol,PapAnu,PapCyn...CalJac,GorGor,HomSap,MacMul,MacNem,PanPan,PanTro	183
207	AotNan,CalJac,GorGor,HomSap,PanPan...ColAng,HylMol,MacMul,MacNem,PanTro,PapAnu,PapCyn	179
208	AotNan,CalJac,GorGor,HomSap,MacNem,PanPan,PanTro...ColAng,HylMol,MacMul,PapAnu,PapCyn	178
209	AotNan,GorGor,HomSap,HylMol,MacMul,MacNem,PapAnu,PapCyn...CalJac,ColAng,PanPan,PanTro	177
210	AotNan,CalJac,GorGor,MacMul,MacNem...ColAng,HomSap,HylMol,PanPan,PanTro,PapAnu,PapCyn	173
211	AotNan,GorGor,HomSap,PanPan,PanTro,PapAnu,PapCyn...CalJac,ColAng,HylMol,MacMul,MacNem	173
212	AotNan,ColAng,GorGor,HylMol,PanPan,PanTro...CalJac,HomSap,MacMul,MacNem,PapAnu,PapCyn	170
213	AotNan,CalJac,ColAng,GorGor,HomSap...HylMol,MacMul,MacNem,PanPan,PanTro,PapAnu,PapCyn	167
214	AotNan,CalJac,ColAng,MacNem...GorGor,HomSap,HylMol,MacMul,PanPan,PanTro,PapAnu,PapCyn	165
215	AotNan,CalJac,ColAng,GorGor,MacMul,MacNem,PanPan,PapAnu,PapCyn...HomSap,HylMol,PanTro	163
216	AotNan,CalJac,ColAng,MacMul...GorGor,HomSap,HylMol,MacNem,PanPan,PanTro,PapAnu,PapCyn	161
217	AotNan,CalJac,HomSap,PanPan...ColAng,GorGor,HylMol,MacMul,MacNem,PanTro,PapAnu,PapCyn	161
218	AotNan,CalJac,ColAng,GorGor,HomSap,HylMol,MacMul,MacNem,PapCyn...PanPan,PanTro,PapAnu	160
219	AotNan,CalJac,GorGor,HomSap,MacMul,PanPan,PanTro...ColAng,HylMol,MacNem,PapAnu,PapCyn	157
220	AotNan,CalJac,ColAng,HomSap,HylMol,MacMul,MacNem,PanPan,PanTro,PapAnu...GorGor,PapCyn	156
221	AotNan,GorGor,MacMul,MacNem,PapAnu,PapCyn...CalJac,ColAng,HomSap,HylMol,PanPan,PanTro	155
222	AotNan,CalJac,ColAng,HomSap,MacMul,MacNem,PanTro,PapAnu,PapCyn...GorGor,HylMol,PanPan	154
223	AotNan,CalJac,ColAng,GorGor,MacMul,MacNem,PanTro,PapAnu,PapCyn...HomSap,HylMol,PanPan	154
224	AotNan,CalJac,ColAng,GorGor,HomSap,HylMol,MacNem,PapAnu,PapCyn...MacMul,PanPan,PanTro	152
225	AotNan,CalJac,GorGor,HomSap,PanPan,PanTro,PapAnu...ColAng,HylMol,MacMul,MacNem,PapCyn	149
226	AotNan,CalJac,ColAng,PanPan...GorGor,HomSap,HylMol,MacMul,MacNem,PanTro,PapAnu,PapCyn	147
227	AotNan,CalJac,HomSap,PanTro...ColAng,GorGor,HylMol,MacMul,MacNem,PanPan,PapAnu,PapCyn	147
228	AotNan,CalJac,HomSap,PapAnu,PapCyn...ColAng,GorGor,HylMol,MacMul,MacNem,PanPan,PanTro	144
229	AotNan,ColAng,PanPan,PanTro...CalJac,GorGor,HomSap,HylMol,MacMul,MacNem,PapAnu,PapCyn	142
230	AotNan,GorGor,HomSap,HylMol,PanTro...CalJac,ColAng,MacMul,MacNem,PanPan,PapAnu,PapCyn	141
231	AotNan,CalJac,ColAng,HomSap,MacMul,MacNem,PanPan,PapAnu,PapCyn...GorGor,HylMol,PanTro	139
232	AotNan,CalJac,MacMul,MacNem,PapAnu...ColAng,GorGor,HomSap,HylMol,PanPan,PanTro,PapCyn	138
233	AotNan,CalJac,GorGor,PanPan...ColAng,HomSap,HylMol,MacMul,MacNem,PanTro,PapAnu,PapCyn	138
234	AotNan,CalJac,HomSap,MacMul,MacNem...ColAng,GorGor,HylMol,PanPan,PanTro,PapAnu,PapCyn	134
235	AotNan,GorGor,HomSap,MacMul,MacNem,PanPan,PanTro...CalJac,ColAng,HylMol,PapAnu,PapCyn	133
236	AotNan,CalJac,HomSap,HylMol,MacMul,MacNem,PanPan,PanTro...ColAng,GorGor,PapAnu,PapCyn	131
237	AotNan,CalJac,ColAng,PanTro...GorGor,HomSap,HylMol,MacMul,MacNem,PanPan,PapAnu,PapCyn	131
238	AotNan,CalJac,MacMul,MacNem,PanPan,PanTro...ColAng,GorGor,HomSap,HylMol,PapAnu,PapCyn	130
239	AotNan,CalJac,MacMul,MacNem,PanPan,PapAnu,PapCyn...ColAng,GorGor,HomSap,HylMol,PanTro	130
240	AotNan,CalJac,HylMol,MacMul...ColAng,GorGor,HomSap,MacNem,PanPan,PanTro,PapAnu,PapCyn	125
241	AotNan,CalJac,MacMul,MacNem,PapCyn...ColAng,GorGor,HomSap,HylMol,PanPan,PanTro,PapAnu	125
242	AotNan,CalJac,HomSap,HylMol,PanPan,PanTro,PapAnu,PapCyn...ColAng,GorGor,MacMul,MacNem	120
243	AotNan,CalJac,HylMol,PapAnu...ColAng,GorGor,HomSap,MacMul,MacNem,PanPan,PanTro,PapCyn	118
244	AotNan,GorGor,HomSap,HylMol,PanPan...CalJac,ColAng,MacMul,MacNem,PanTro,PapAnu,PapCyn	118
245	AotNan,CalJac,PanPan,PanTro,PapAnu,PapCyn...ColAng,GorGor,HomSap,HylMol,MacMul,MacNem	113
246	AotNan,ColAng,GorGor,HomSap,HylMol...CalJac,MacMul,MacNem,PanPan,PanTro,PapAnu,PapCyn	113
247	AotNan,CalJac,GorGor,PanTro...ColAng,HomSap,HylMol,MacMul,MacNem,PanPan,PapAnu,PapCyn	110
248	AotNan,ColAng,MacNem,PapAnu,PapCyn...CalJac,GorGor,HomSap,HylMol,MacMul,PanPan,PanTro	109
249	AotNan,CalJac,ColAng,GorGor,HylMol,MacMul,MacNem,PanPan,PanTro,PapAnu...HomSap,PapCyn	107
250	AotNan,GorGor,HylMol,MacMul,MacNem,PapAnu,PapCyn...CalJac,ColAng,HomSap,PanPan,PanTro	105
251	AotNan,CalJac,ColAng,HomSap,MacMul,MacNem,PanPan,PanTro...GorGor,HylMol,PapAnu,PapCyn	104
252	AotNan,CalJac,ColAng,GorGor,HylMol,MacMul,PapAnu,PapCyn...HomSap,MacNem,PanPan,PanTro	104
253	AotNan,ColAng,GorGor,HylMol...CalJac,HomSap,MacMul,MacNem,PanPan,PanTro,PapAnu,PapCyn	104
254	AotNan,CalJac,ColAng,HomSap,HylMol,MacMul,MacNem...GorGor,PanPan,PanTro,PapAnu,PapCyn	103
255	AotNan,ColAng,HomSap,PanPan,PanTro...CalJac,GorGor,HylMol,MacMul,MacNem,PapAnu,PapCyn	103
256	AotNan,ColAng,MacMul,PapAnu,PapCyn...CalJac,GorGor,HomSap,HylMol,MacNem,PanPan,PanTro	102
257	AotNan,CalJac,ColAng,PapAnu...GorGor,HomSap,HylMol,MacMul,MacNem,PanPan,PanTro,PapCyn	102
258	AotNan,CalJac,ColAng,GorGor,HylMol,MacNem,PapAnu,PapCyn...HomSap,MacMul,PanPan,PanTro	101
259	AotNan,CalJac,GorGor,HylMol,PanPan,PanTro,PapAnu,PapCyn...ColAng,HomSap,MacMul,MacNem	99
260	AotNan,ColAng,MacMul,MacNem,PanTro,PapAnu,PapCyn...CalJac,GorGor,HomSap,HylMol,PanPan	98
261	AotNan,CalJac,ColAng,PapCyn...GorGor,HomSap,HylMol,MacMul,MacNem,PanPan,PanTro,PapAnu	98
262	AotNan,GorGor,HomSap,HylMol,MacNem,PanPan,PanTro...CalJac,ColAng,MacMul,PapAnu,PapCyn	97
263	AotNan,CalJac,GorGor,HylMol,MacMul,MacNem,PanPan,PanTro...ColAng,HomSap,PapAnu,PapCyn	97
264	AotNan,CalJac,MacMul,MacNem,PanTro,PapAnu,PapCyn...ColAng,GorGor,HomSap,HylMol,PanPan	95
265	AotNan,MacMul,MacNem,PanPan,PanTro,PapAnu,PapCyn...CalJac,ColAng,GorGor,HomSap,HylMol	91
266	AotNan,ColAng,MacMul,MacNem,PanPan,PapAnu,PapCyn...CalJac,GorGor,HomSap,HylMol,PanTro	91
267	AotNan,HomSap,MacMul,MacNem,PapAnu,PapCyn...CalJac,ColAng,GorGor,HylMol,PanPan,PanTro	89
268	AotNan,GorGor,HomSap,HylMol,MacMul,PanPan,PanTro...CalJac,ColAng,MacNem,PapAnu,PapCyn	88
269	AotNan,CalJac,GorGor,HylMol,PanTro...ColAng,HomSap,MacMul,MacNem,PanPan,PapAnu,PapCyn	87
270	AotNan,HylMol,PanPan...CalJac,ColAng,GorGor,HomSap,MacMul,MacNem,PanTro,PapAnu,PapCyn	84
271	AotNan,GorGor,HomSap,HylMol,MacMul,PanPan,PanTro,PapAnu,PapCyn...CalJac,ColAng,MacNem	83
272	AotNan,CalJac,ColAng,HylMol,MacMul,MacNem,PanPan,PanTro...GorGor,HomSap,PapAnu,PapCyn	82
273	AotNan,CalJac,ColAng,GorGor,HomSap,HylMol,MacMul,PanPan,PanTro,PapCyn...MacNem,PapAnu	80
274	AotNan,ColAng,GorGor,HomSap,HylMol,MacMul,PanPan,PanTro...CalJac,MacNem,PapAnu,PapCyn	79
275	AotNan,CalJac,HomSap,PanPan,PanTro,PapAnu,PapCyn...ColAng,GorGor,HylMol,MacMul,MacNem	79
276	AotNan,ColAng,HomSap,HylMol,MacMul,MacNem,PanPan,PanTro...CalJac,GorGor,PapAnu,PapCyn	79
277	AotNan,HomSap,MacMul,MacNem,PanPan,PanTro,PapAnu,PapCyn...CalJac,ColAng,GorGor,HylMol	78
278	AotNan,CalJac,ColAng,GorGor,HomSap,HylMol,MacNem,PanPan,PanTro,PapCyn...MacMul,PapAnu	78
279	AotNan,CalJac,ColAng,HomSap,HylMol,PapAnu,PapCyn...GorGor,MacMul,MacNem,PanPan,PanTro	78
280	AotNan,CalJac,GorGor,HylMol,PanPan...ColAng,HomSap,MacMul,MacNem,PanTro,PapAnu,PapCyn	77
281	AotNan,CalJac,ColAng,GorGor,HomSap,MacNem,PanPan,PanTro...HylMol,MacMul,PapAnu,PapCyn	77
282	AotNan,CalJac,ColAng,GorGor,MacMul,MacNem...HomSap,HylMol,PanPan,PanTro,PapAnu,PapCyn	77
283	AotNan,CalJac,HomSap,HylMol,PanTro...ColAng,GorGor,MacMul,MacNem,PanPan,PapAnu,PapCyn	76
284	AotNan,ColAng,GorGor,HomSap,MacMul,MacNem,PanTro,PapAnu,PapCyn...CalJac,HylMol,PanPan	75
285	AotNan,CalJac,GorGor,HomSap,MacMul,PanPan,PanTro,PapAnu,PapCyn...ColAng,HylMol,MacNem	74
286	AotNan,ColAng,GorGor,HomSap,MacMul,MacNem,PanPan,PapAnu,PapCyn...CalJac,HylMol,PanTro	74
287	AotNan,CalJac,HylMol,PapCyn...ColAng,GorGor,HomSap,MacMul,MacNem,PanPan,PanTro,PapAnu	74
288	AotNan,CalJac,GorGor,HylMol,PapAnu,PapCyn...ColAng,HomSap,MacMul,MacNem,PanPan,PanTro	73
289	AotNan,CalJac,HomSap,MacMul,MacNem,PanPan,PanTro...ColAng,GorGor,HylMol,PapAnu,PapCyn	71
290	AotNan,CalJac,ColAng,HomSap,PanPan,PanTro,PapAnu,PapCyn...GorGor,HylMol,MacMul,MacNem	71
291	AotNan,ColAng,HomSap,HylMol,PanPan,PanTro,PapAnu,PapCyn...CalJac,GorGor,MacMul,MacNem	71
292	AotNan,CalJac,ColAng,HylMol,PanPan,PanTro,PapAnu,PapCyn...GorGor,HomSap,MacMul,MacNem	70
293	AotNan,ColAng,GorGor,HylMol,MacMul,MacNem,PanTro,PapAnu,PapCyn...CalJac,HomSap,PanPan	70
294	AotNan,CalJac,ColAng,GorGor,HomSap,HylMol,MacMul,PanPan,PanTro,PapAnu...MacNem,PapCyn	70
295	AotNan,CalJac,ColAng,GorGor,HomSap,HylMol,MacMul,MacNem,PapAnu...PanPan,PanTro,PapCyn	68
296	AotNan,ColAng,GorGor,HomSap,HylMol,MacNem,PanPan,PanTro...CalJac,MacMul,PapAnu,PapCyn	68
297	AotNan,MacMul,PapAnu,PapCyn...CalJac,ColAng,GorGor,HomSap,HylMol,MacNem,PanPan,PanTro	67
298	AotNan,CalJac,ColAng,GorGor,PapAnu,PapCyn...HomSap,HylMol,MacMul,MacNem,PanPan,PanTro	67
299	AotNan,CalJac,ColAng,GorGor,HomSap,HylMol,MacNem,PanPan,PanTro,PapAnu...MacMul,PapCyn	66
300	AotNan,CalJac,ColAng,GorGor,HomSap,HylMol,MacMul,PanTro,PapAnu,PapCyn...MacNem,PanPan	66
301	AotNan,CalJac,HomSap,HylMol,PanPan...ColAng,GorGor,MacMul,MacNem,PanTro,PapAnu,PapCyn	66
302	AotNan,ColAng,HylMol,MacMul,MacNem,PanPan,PapAnu,PapCyn...CalJac,GorGor,HomSap,PanTro	65
303	AotNan,CalJac,GorGor,HylMol,MacMul,MacNem...ColAng,HomSap,PanPan,PanTro,PapAnu,PapCyn	64
304	AotNan,CalJac,ColAng,GorGor,HomSap,HylMol,MacMul,PanPan,PapAnu,PapCyn...MacNem,PanTro	64
305	AotNan,GorGor,HomSap,PanTro...CalJac,ColAng,HylMol,MacMul,MacNem,PanPan,PapAnu,PapCyn	64
306	AotNan,CalJac,GorGor,HomSap,HylMol,MacMul,MacNem...ColAng,PanPan,PanTro,PapAnu,PapCyn	64
307	AotNan,ColAng,MacMul,MacNem,PapCyn...CalJac,GorGor,HomSap,HylMol,PanPan,PanTro,PapAnu	64
308	AotNan,CalJac,ColAng,GorGor,HomSap,PanPan,PanTro,PapCyn...HylMol,MacMul,MacNem,PapAnu	63
309	AotNan,CalJac,ColAng,GorGor,HylMol,MacMul,MacNem,PapCyn...HomSap,PanPan,PanTro,PapAnu	63
310	AotNan,MacNem,PapAnu,PapCyn...CalJac,ColAng,GorGor,HomSap,HylMol,MacMul,PanPan,PanTro	63
311	AotNan,CalJac,GorGor,HomSap,MacMul,MacNem,PanTro,PapAnu,PapCyn...ColAng,HylMol,PanPan	63
312	AotNan,CalJac,ColAng,GorGor,HomSap,MacMul,PanPan,PanTro...HylMol,MacNem,PapAnu,PapCyn	62
313	AotNan,CalJac,GorGor,HomSap,HylMol,PapAnu,PapCyn...ColAng,MacMul,MacNem,PanPan,PanTro	62
314	AotNan,ColAng,GorGor,HylMol,MacMul,MacNem,PanPan,PapAnu,PapCyn...CalJac,HomSap,PanTro	60
315	AotNan,CalJac,ColAng,GorGor,PanPan,PanTro,PapAnu,PapCyn...HomSap,HylMol,MacMul,MacNem	60
316	AotNan,CalJac,HylMol,MacMul,PapAnu,PapCyn...ColAng,GorGor,HomSap,MacNem,PanPan,PanTro	60
317	AotNan,ColAng,GorGor,HomSap,MacMul,PanPan,PanTro,PapAnu,PapCyn...CalJac,HylMol,MacNem	60
318	AotNan,GorGor,HomSap,HylMol,PanPan,PanTro,PapAnu...CalJac,ColAng,MacMul,MacNem,PapCyn	60
319	AotNan,CalJac,GorGor,HylMol,MacMul,MacNem,PanTro,PapAnu,PapCyn...ColAng,HomSap,PanPan	59
320	AotNan,GorGor,HomSap,HylMol,MacMul,MacNem,PanTro,PapAnu,PapCyn...CalJac,ColAng,PanPan	59
321	AotNan,CalJac,GorGor,HomSap,PanPan,PanTro,PapCyn...ColAng,HylMol,MacMul,MacNem,PapAnu	59
322	AotNan,CalJac,ColAng,GorGor,MacMul,MacNem,PanPan,PanTro...HomSap,HylMol,PapAnu,PapCyn	58
323	AotNan,GorGor,HomSap,HylMol,MacMul,MacNem,PanPan,PanTro,PapCyn...CalJac,ColAng,PapAnu	57
324	AotNan,CalJac,HylMol,MacMul,MacNem,PanTro,PapAnu,PapCyn...ColAng,GorGor,HomSap,PanPan	57
325	AotNan,CalJac,GorGor,HomSap,MacMul,MacNem,PanPan,PapAnu,PapCyn...ColAng,HylMol,PanTro	56
326	AotNan,GorGor,PapAnu,PapCyn...CalJac,ColAng,HomSap,HylMol,MacMul,MacNem,PanPan,PanTro	56
327	AotNan,HomSap,PanTro...CalJac,ColAng,GorGor,HylMol,MacMul,MacNem,PanPan,PapAnu,PapCyn	56
328	AotNan,GorGor,HomSap,PanPan...CalJac,ColAng,HylMol,MacMul,MacNem,PanTro,PapAnu,PapCyn	54
329	AotNan,HomSap,PanPan...CalJac,ColAng,GorGor,HylMol,MacMul,MacNem,PanTro,PapAnu,PapCyn	54
330	AotNan,ColAng,HylMol,MacMul,MacNem,PanTro,PapAnu,PapCyn...CalJac,GorGor,HomSap,PanPan	54
331	AotNan,CalJac,ColAng,GorGor,HomSap,PanPan,PanTro,PapAnu...HylMol,MacMul,MacNem,PapCyn	53
332	AotNan,ColAng,GorGor,HomSap,HylMol,PanPan,PanTro,PapAnu...CalJac,MacMul,MacNem,PapCyn	52
333	AotNan,HylMol,PanTro...CalJac,ColAng,GorGor,HomSap,MacMul,MacNem,PanPan,PapAnu,PapCyn	51
334	AotNan,ColAng,GorGor,HomSap,HylMol,PanPan,PanTro,PapCyn...CalJac,MacMul,MacNem,PapAnu	51
335	AotNan,ColAng,PapAnu...CalJac,GorGor,HomSap,HylMol,MacMul,MacNem,PanPan,PanTro,PapCyn	51
336	AotNan,CalJac,ColAng,GorGor,HomSap,HylMol,MacNem,PanTro,PapAnu,PapCyn...MacMul,PanPan	51
337	AotNan,ColAng,GorGor,HomSap,HylMol,MacMul,MacNem...CalJac,PanPan,PanTro,PapAnu,PapCyn	50
338	AotNan,GorGor,HomSap,HylMol,MacNem,PanPan,PanTro,PapAnu,PapCyn...CalJac,ColAng,MacMul	50
339	AotNan,CalJac,ColAng,GorGor,HomSap,PanTro...HylMol,MacMul,MacNem,PanPan,PapAnu,PapCyn	50
340	AotNan,CalJac,ColAng,GorGor,HylMol,MacMul,MacNem,PapAnu...HomSap,PanPan,PanTro,PapCyn	50
341	AotNan,CalJac,ColAng,GorGor,HomSap,MacMul,MacNem...HylMol,PanPan,PanTro,PapAnu,PapCyn	49
342	AotNan,ColAng,MacNem...CalJac,GorGor,HomSap,HylMol,MacMul,PanPan,PanTro,PapAnu,PapCyn	49
343	AotNan,CalJac,GorGor,HomSap,MacNem,PanPan,PanTro,PapAnu,PapCyn...ColAng,HylMol,MacMul	49
344	AotNan,ColAng,HylMol,MacMul,PapAnu,PapCyn...CalJac,GorGor,HomSap,MacNem,PanPan,PanTro	49
345	AotNan,HylMol,MacNem...CalJac,ColAng,GorGor,HomSap,MacMul,PanPan,PanTro,PapAnu,PapCyn	48
346	AotNan,GorGor,MacMul,MacNem...CalJac,ColAng,HomSap,HylMol,PanPan,PanTro,PapAnu,PapCyn	48
347	AotNan,CalJac,ColAng,HomSap,MacMul,MacNem...GorGor,HylMol,PanPan,PanTro,PapAnu,PapCyn	48
348	AotNan,GorGor,PanTro...CalJac,ColAng,HomSap,HylMol,MacMul,MacNem,PanPan,PapAnu,PapCyn	48
349	AotNan,CalJac,GorGor,HomSap,MacMul,MacNem,PanPan,PanTro,PapCyn...ColAng,HylMol,PapAnu	47
350	AotNan,ColAng,HylMol,MacNem,PapAnu,PapCyn...CalJac,GorGor,HomSap,MacMul,PanPan,PanTro	47
351	AotNan,ColAng,GorGor,HylMol,MacMul,MacNem,PanPan,PanTro...CalJac,HomSap,PapAnu,PapCyn	46
352	AotNan,ColAng,GorGor,HylMol,PanPan,PanTro,PapAnu,PapCyn...CalJac,HomSap,MacMul,MacNem	46
353	AotNan,ColAng,GorGor,HomSap,MacNem,PanPan,PanTro,PapAnu,PapCyn...CalJac,HylMol,MacMul	46
354	AotNan,CalJac,GorGor,HylMol,MacMul,MacNem,PanPan,PapAnu,PapCyn...ColAng,HomSap,PanTro	46
355	AotNan,CalJac,HylMol,MacMul,MacNem,PanPan,PapAnu,PapCyn...ColAng,GorGor,HomSap,PanTro	45
356	AotNan,CalJac,ColAng,HomSap,PapAnu,PapCyn...GorGor,HylMol,MacMul,MacNem,PanPan,PanTro	45
357	AotNan,CalJac,HylMol,MacNem,PapAnu,PapCyn...ColAng,GorGor,HomSap,MacMul,PanPan,PanTro	45
358	AotNan,MacMul,MacNem,PapCyn...CalJac,ColAng,GorGor,HomSap,HylMol,PanPan,PanTro,PapAnu	44
359	AotNan,HomSap,HylMol,MacMul,MacNem,PapAnu,PapCyn...CalJac,ColAng,GorGor,PanPan,PanTro	43
360	AotNan,CalJac,ColAng,GorGor,HomSap,HylMol,MacNem,PanPan,PapAnu,PapCyn...MacMul,PanTro	42
361	AotNan,HomSap,PapAnu,PapCyn...CalJac,ColAng,GorGor,HylMol,MacMul,MacNem,PanPan,PanTro	42
362	AotNan,CalJac,ColAng,HylMol,MacNem...GorGor,HomSap,MacMul,PanPan,PanTro,PapAnu,PapCyn	41
363	AotNan,CalJac,HylMol,MacMul,MacNem,PapAnu...ColAng,GorGor,HomSap,PanPan,PanTro,PapCyn	41
364	AotNan,ColAng,PanPan...CalJac,GorGor,HomSap,HylMol,MacMul,MacNem,PanTro,PapAnu,PapCyn	40
365	AotNan,GorGor,HomSap,HylMol,PanPan,PanTro,PapCyn...CalJac,ColAng,MacMul,MacNem,PapAnu	40
366	AotNan,GorGor,HomSap,MacNem,PanPan,PanTro...CalJac,ColAng,HylMol,MacMul,PapAnu,PapCyn	40
367	AotNan,CalJac,ColAng,GorGor,HomSap,HylMol,MacMul,MacNem,PanTro,PapCyn...PanPan,PapAnu	40
368	AotNan,ColAng,GorGor,HomSap...CalJac,HylMol,MacMul,MacNem,PanPan,PanTro,PapAnu,PapCyn	40
369	AotNan,GorGor,PanPan...CalJac,ColAng,HomSap,HylMol,MacMul,MacNem,PanTro,PapAnu,PapCyn	40
370	AotNan,ColAng,HylMol,MacMul,MacNem,PapCyn...CalJac,GorGor,HomSap,PanPan,PanTro,PapAnu	39
371	AotNan,ColAng,MacMul,MacNem,PapAnu...CalJac,GorGor,HomSap,HylMol,PanPan,PanTro,PapCyn	39
372	AotNan,CalJac,ColAng,HylMol,PanPan...GorGor,HomSap,MacMul,MacNem,PanTro,PapAnu,PapCyn	39
373	AotNan,CalJac,GorGor,MacNem...ColAng,HomSap,HylMol,MacMul,PanPan,PanTro,PapAnu,PapCyn	39
374	AotNan,ColAng,MacMul...CalJac,GorGor,HomSap,HylMol,MacNem,PanPan,PanTro,PapAnu,PapCyn	39
375	AotNan,CalJac,ColAng,GorGor,HomSap,PapAnu,PapCyn...HylMol,MacMul,MacNem,PanPan,PanTro	39
376	AotNan,GorGor,HomSap,MacMul,MacNem,PapAnu,PapCyn...CalJac,ColAng,HylMol,PanPan,PanTro	38
377	AotNan,ColAng,GorGor,HomSap,MacMul,MacNem,PanPan,PanTro,PapCyn...CalJac,HylMol,PapAnu	38
378	AotNan,CalJac,HomSap,HylMol,PapAnu,PapCyn...ColAng,GorGor,MacMul,MacNem,PanPan,PanTro	38
379	AotNan,CalJac,ColAng,GorGor,HomSap,HylMol,MacMul,MacNem,PanPan,PapCyn...PanTro,PapAnu	38
380	AotNan,GorGor,HomSap,HylMol,MacMul,MacNem,PanPan,PapAnu,PapCyn...CalJac,ColAng,PanTro	37
381	AotNan,HylMol,MacMul...CalJac,ColAng,GorGor,HomSap,MacNem,PanPan,PanTro,PapAnu,PapCyn	37
382	AotNan,CalJac,ColAng,HylMol,MacMul...GorGor,HomSap,MacNem,PanPan,PanTro,PapAnu,PapCyn	37
383	AotNan,CalJac,GorGor,HomSap,MacMul,MacNem,PanPan,PanTro,PapAnu...ColAng,HylMol,PapCyn	37
384	AotNan,CalJac,MacMul,MacNem,PanPan...ColAng,GorGor,HomSap,HylMol,PanTro,PapAnu,PapCyn	36
385	AotNan,CalJac,HylMol,PanPan,PanTro,PapAnu,PapCyn...ColAng,GorGor,HomSap,MacMul,MacNem	36
386	AotNan,ColAng,HomSap,HylMol,MacMul,MacNem,PanTro,PapAnu,PapCyn...CalJac,GorGor,PanPan	36
387	AotNan,ColAng,PanTro...CalJac,GorGor,HomSap,HylMol,MacMul,MacNem,PanPan,PapAnu,PapCyn	36
388	AotNan,CalJac,GorGor,MacMul...ColAng,HomSap,HylMol,MacNem,PanPan,PanTro,PapAnu,PapCyn	36
389	AotNan,HylMol,MacMul,MacNem,PanPan,PanTro,PapAnu,PapCyn...CalJac,ColAng,GorGor,HomSap	36
390	AotNan,CalJac,HomSap,HylMol,MacMul,MacNem,PanTro,PapAnu,PapCyn...ColAng,GorGor,PanPan	36
391	AotNan,CalJac,ColAng,GorGor,HylMol,PanTro...HomSap,MacMul,MacNem,PanPan,PapAnu,PapCyn	35
392	AotNan,CalJac,PanTro,PapAnu,PapCyn...ColAng,GorGor,HomSap,HylMol,MacMul,MacNem,PanPan	35
393	AotNan,ColAng,GorGor,HomSap,MacMul,MacNem,PanPan,PanTro,PapAnu...CalJac,HylMol,PapCyn	34
394	AotNan,ColAng,GorGor,HomSap,HylMol,PanTro...CalJac,MacMul,MacNem,PanPan,PapAnu,PapCyn	34
395	AotNan,CalJac,ColAng,MacMul,MacNem,PanPan,PanTro...GorGor,HomSap,HylMol,PapAnu,PapCyn	33
396	AotNan,CalJac,GorGor,HomSap,HylMol,PanTro,PapAnu,PapCyn...ColAng,MacMul,MacNem,PanPan	33
397	AotNan,GorGor,MacMul,MacNem,PanPan,PanTro,PapAnu,PapCyn...CalJac,ColAng,HomSap,HylMol	33
398	AotNan,CalJac,ColAng,GorGor,HomSap,PanPan...HylMol,MacMul,MacNem,PanTro,PapAnu,PapCyn	32
399	AotNan,CalJac,ColAng,HylMol,PanTro...GorGor,HomSap,MacMul,MacNem,PanPan,PapAnu,PapCyn	32
400	AotNan,HomSap,MacMul,MacNem...CalJac,ColAng,GorGor,HylMol,PanPan,PanTro,PapAnu,PapCyn	32
401	AotNan,GorGor,HomSap,HylMol,MacMul,MacNem,PanPan,PanTro,PapAnu...CalJac,ColAng,PapCyn	31
402	AotNan,CalJac,HomSap,MacNem...ColAng,GorGor,HylMol,MacMul,PanPan,PanTro,PapAnu,PapCyn	31
403	AotNan,CalJac,GorGor,HomSap,PapAnu,PapCyn...ColAng,HylMol,MacMul,MacNem,PanPan,PanTro	31
404	AotNan,CalJac,ColAng,PanPan,PanTro,PapAnu,PapCyn...GorGor,HomSap,HylMol,MacMul,MacNem	31
405	AotNan,CalJac,HomSap,MacMul...ColAng,GorGor,HylMol,MacNem,PanPan,PanTro,PapAnu,PapCyn	30
406	AotNan,CalJac,HylMol,MacMul,MacNem,PapCyn...ColAng,GorGor,HomSap,PanPan,PanTro,PapAnu	30
407	AotNan,ColAng,HomSap,HylMol...CalJac,GorGor,MacMul,MacNem,PanPan,PanTro,PapAnu,PapCyn	30
408	AotNan,ColAng,HomSap,HylMol,MacMul,MacNem,PanPan,PapAnu,PapCyn...CalJac,GorGor,PanTro	30
409	AotNan,CalJac,ColAng,HylMol,PapCyn...GorGor,HomSap,MacMul,MacNem,PanPan,PanTro,PapAnu	29
410	AotNan,CalJac,GorGor,PapAnu...ColAng,HomSap,HylMol,MacMul,MacNem,PanPan,PanTro,PapCyn	29
411	AotNan,PanPan,PanTro,PapAnu,PapCyn...CalJac,ColAng,GorGor,HomSap,HylMol,MacMul,MacNem	29
412	AotNan,CalJac,HomSap,PapAnu...ColAng,GorGor,HylMol,MacMul,MacNem,PanPan,PanTro,PapCyn	29
413	AotNan,CalJac,ColAng,GorGor,HomSap,HylMol,MacMul,MacNem,PanTro,PapAnu...PanPan,PapCyn	28
414	AotNan,CalJac,HylMol,MacMul,MacNem,PanPan,PanTro...ColAng,GorGor,HomSap,PapAnu,PapCyn	28
415	AotNan,ColAng,HylMol,PanPan,PanTro...CalJac,GorGor,HomSap,MacMul,MacNem,PapAnu,PapCyn	27
416	AotNan,ColAng,GorGor,HomSap,HylMol,PapAnu,PapCyn...CalJac,MacMul,MacNem,PanPan,PanTro	27
417	AotNan,CalJac,PanPan,PapAnu,PapCyn...ColAng,GorGor,HomSap,HylMol,MacMul,MacNem,PanTro	27
418	AotNan,CalJac,ColAng,HylMol,PapAnu...GorGor,HomSap,MacMul,MacNem,PanPan,PanTro,PapCyn	27
419	AotNan,ColAng,GorGor,PanPan,PanTro...CalJac,HomSap,HylMol,MacMul,MacNem,PapAnu,PapCyn	26
420	AotNan,CalJac,PanPan,PanTro,PapAnu...ColAng,GorGor,HomSap,HylMol,MacMul,MacNem,PapCyn	26
421	AotNan,MacMul,MacNem,PanPan,PanTro...CalJac,ColAng,GorGor,HomSap,HylMol,PapAnu,PapCyn	26
422	AotNan,CalJac,ColAng,HylMol,MacMul,PanPan,PanTro,PapAnu,PapCyn...GorGor,HomSap,MacNem	26
423	AotNan,CalJac,GorGor,HomSap,MacMul,MacNem...ColAng,HylMol,PanPan,PanTro,PapAnu,PapCyn	26
424	AotNan,CalJac,HomSap,HylMol,MacMul,MacNem...ColAng,GorGor,PanPan,PanTro,PapAnu,PapCyn	25
425	AotNan,CalJac,GorGor,HomSap,HylMol,MacMul,MacNem,PanTro...ColAng,PanPan,PapAnu,PapCyn	25
426	AotNan,ColAng,GorGor,HylMol,MacMul,MacNem...CalJac,HomSap,PanPan,PanTro,PapAnu,PapCyn	25
427	AotNan,ColAng,GorGor,HomSap,HylMol,PanPan...CalJac,MacMul,MacNem,PanTro,PapAnu,PapCyn	25
428	AotNan,ColAng,PapCyn...CalJac,GorGor,HomSap,HylMol,MacMul,MacNem,PanPan,PanTro,PapAnu	24
429	AotNan,CalJac,ColAng,HomSap,MacMul,PanPan,PanTro,PapAnu,PapCyn...GorGor,HylMol,MacNem	24
430	AotNan,CalJac,ColAng,GorGor,HylMol,PanPan...HomSap,MacMul,MacNem,PanTro,PapAnu,PapCyn	24
431	AotNan,CalJac,GorGor,HomSap,HylMol,MacMul,PanPan,PanTro,PapAnu...ColAng,MacNem,PapCyn	23
432	AotNan,CalJac,GorGor,PapCyn...ColAng,HomSap,HylMol,MacMul,MacNem,PanPan,PanTro,PapAnu	23
433	AotNan,CalJac,GorGor,PanPan,PanTro,PapAnu,PapCyn...ColAng,HomSap,HylMol,MacMul,MacNem	23
434	AotNan,CalJac,MacMul,PanPan,PanTro...ColAng,GorGor,HomSap,HylMol,MacNem,PapAnu,PapCyn	23
435	AotNan,CalJac,ColAng,GorGor,HomSap,HylMol,MacMul,MacNem,PanPan,PapAnu...PanTro,PapCyn	22
436	AotNan,CalJac,MacNem,PanPan,PanTro...ColAng,GorGor,HomSap,HylMol,MacMul,PapAnu,PapCyn	22
437	AotNan,ColAng,GorGor,HylMol,MacMul,PanPan,PanTro,PapAnu,PapCyn...CalJac,HomSap,MacNem	22
438	AotNan,MacMul,MacNem,PapAnu...CalJac,ColAng,GorGor,HomSap,HylMol,PanPan,PanTro,PapCyn	22
439	AotNan,CalJac,HomSap,HylMol,MacMul,PanPan,PanTro,PapAnu,PapCyn...ColAng,GorGor,MacNem	21
440	AotNan,MacMul,MacNem,PanPan,PapAnu,PapCyn...CalJac,ColAng,GorGor,HomSap,HylMol,PanTro	21
441	AotNan,CalJac,GorGor,MacMul,MacNem,PanPan,PanTro...ColAng,HomSap,HylMol,PapAnu,PapCyn	21
442	AotNan,GorGor,HomSap,MacMul,PanPan,PanTro...CalJac,ColAng,HylMol,MacNem,PapAnu,PapCyn	21
443	AotNan,CalJac,GorGor,HomSap,HylMol,PanPan,PapAnu,PapCyn...ColAng,MacMul,MacNem,PanTro	21
444	AotNan,HylMol,PapAnu...CalJac,ColAng,GorGor,HomSap,MacMul,MacNem,PanPan,PanTro,PapCyn	21
445	AotNan,CalJac,ColAng,HomSap,HylMol,PanPan...GorGor,MacMul,MacNem,PanTro,PapAnu,PapCyn	21
446	AotNan,CalJac,ColAng,GorGor,MacMul,PapAnu,PapCyn...HomSap,HylMol,MacNem,PanPan,PanTro	21
447	AotNan,CalJac,HomSap,HylMol,MacMul,MacNem,PanPan,PapAnu,PapCyn...ColAng,GorGor,PanTro	21
448	AotNan,CalJac,HomSap,HylMol,MacNem,PanPan,PanTro,PapAnu,PapCyn...ColAng,GorGor,MacMul	20
449	AotNan,HomSap,PanPan,PanTro,PapAnu,PapCyn...CalJac,ColAng,GorGor,HylMol,MacMul,MacNem	20
450	AotNan,ColAng,HomSap,HylMol,MacMul,PanPan,PanTro,PapAnu,PapCyn...CalJac,GorGor,MacNem	20
451	AotNan,ColAng,HylMol,MacMul,MacNem,PapAnu...CalJac,GorGor,HomSap,PanPan,PanTro,PapCyn	20
452	AotNan,CalJac,ColAng,GorGor,PanPan...HomSap,HylMol,MacMul,MacNem,PanTro,PapAnu,PapCyn	20
453	AotNan,GorGor,HylMol,PanTro...CalJac,ColAng,HomSap,MacMul,MacNem,PanPan,PapAnu,PapCyn	19
454	AotNan,CalJac,ColAng,GorGor,MacMul,MacNem,PanPan,PanTro,PapCyn...HomSap,HylMol,PapAnu	19
455	AotNan,MacMul,MacNem,PanTro,PapAnu,PapCyn...CalJac,ColAng,GorGor,HomSap,HylMol,PanPan	19
456	AotNan,GorGor,HomSap,PanPan,PanTro,PapAnu...CalJac,ColAng,HylMol,MacMul,MacNem,PapCyn	19
457	AotNan,CalJac,GorGor,HomSap,HylMol,MacNem,PanPan,PanTro,PapCyn...ColAng,MacMul,PapAnu	19
458	AotNan,CalJac,HomSap,PapCyn...ColAng,GorGor,HylMol,MacMul,MacNem,PanPan,PanTro,PapAnu	18
459	AotNan,CalJac,ColAng,HomSap,HylMol,PanTro...GorGor,MacMul,MacNem,PanPan,PapAnu,PapCyn	18
460	AotNan,ColAng,GorGor,MacMul,MacNem,PanTro,PapAnu,PapCyn...CalJac,HomSap,HylMol,PanPan	18
461	AotNan,CalJac,ColAng,HomSap,HylMol,MacNem,PapAnu,PapCyn...GorGor,MacMul,PanPan,PanTro	18
462	AotNan,CalJac,ColAng,HomSap,HylMol,MacMul,PapAnu,PapCyn...GorGor,MacNem,PanPan,PanTro	18
463	AotNan,ColAng,GorGor,HylMol,PapAnu,PapCyn...CalJac,HomSap,MacMul,MacNem,PanPan,PanTro	18
464	AotNan,GorGor,MacNem...CalJac,ColAng,HomSap,HylMol,MacMul,PanPan,PanTro,PapAnu,PapCyn	17
465	AotNan,ColAng,HomSap,MacMul,MacNem,PanPan,PanTro...CalJac,GorGor,HylMol,PapAnu,PapCyn	17
466	AotNan,CalJac,ColAng,HomSap,HylMol,MacMul,PanPan,PanTro...GorGor,MacNem,PapAnu,PapCyn	16
467	AotNan,ColAng,GorGor,HomSap,HylMol,MacMul,PapAnu,PapCyn...CalJac,MacNem,PanPan,PanTro	16
468	AotNan,ColAng,GorGor,HylMol,MacMul,MacNem,PanPan,PanTro,PapCyn...CalJac,HomSap,PapAnu	16
469	AotNan,CalJac,GorGor,HomSap,HylMol,MacMul,PanPan,PanTro,PapCyn...ColAng,MacNem,PapAnu	16
470	AotNan,HomSap,MacMul,MacNem,PanPan,PanTro...CalJac,ColAng,GorGor,HylMol,PapAnu,PapCyn	16
471	AotNan,ColAng,GorGor,HomSap,HylMol,MacMul,MacNem,PanTro...CalJac,PanPan,PapAnu,PapCyn	16
472	AotNan,CalJac,ColAng,HomSap,MacMul,MacNem,PanPan,PanTro,PapCyn...GorGor,HylMol,PapAnu	16
473	AotNan,CalJac,ColAng,HomSap,MacNem,PanPan,PanTro,PapAnu,PapCyn...GorGor,HylMol,MacMul	16
474	AotNan,CalJac,ColAng,HomSap,HylMol,PanPan,PanTro,PapAnu...GorGor,MacMul,MacNem,PapCyn	15
475	AotNan,CalJac,ColAng,GorGor,HomSap,MacMul,MacNem,PanTro...HylMol,PanPan,PapAnu,PapCyn	15
476	AotNan,CalJac,HomSap,HylMol,MacMul,MacNem,PanPan,PanTro,PapCyn...ColAng,GorGor,PapAnu	15
477	AotNan,CalJac,HomSap,MacMul,MacNem,PanTro,PapAnu,PapCyn...ColAng,GorGor,HylMol,PanPan	15
478	AotNan,CalJac,ColAng,GorGor,HomSap,MacMul,MacNem,PanPan...HylMol,PanTro,PapAnu,PapCyn	15
479	AotNan,CalJac,HomSap,HylMol,MacNem,PanPan,PanTro...ColAng,GorGor,MacMul,PapAnu,PapCyn	15
480	AotNan,CalJac,ColAng,GorGor,MacNem,PanPan,PanTro,PapAnu,PapCyn...HomSap,HylMol,MacMul	15
481	AotNan,ColAng,HomSap,MacMul,MacNem,PanTro,PapAnu,PapCyn...CalJac,GorGor,HylMol,PanPan	15
482	AotNan,GorGor,HylMol,PapAnu,PapCyn...CalJac,ColAng,HomSap,MacMul,MacNem,PanPan,PanTro	15
483	AotNan,CalJac,ColAng,GorGor,HylMol,MacMul,PanPan,PanTro...HomSap,MacNem,PapAnu,PapCyn	15
484	AotNan,CalJac,MacMul,MacNem,PanTro...ColAng,GorGor,HomSap,HylMol,PanPan,PapAnu,PapCyn	14
485	AotNan,CalJac,GorGor,HylMol,MacMul,MacNem,PanPan,PanTro,PapCyn...ColAng,HomSap,PapAnu	14
486	AotNan,CalJac,HomSap,MacMul,PanPan,PanTro...ColAng,GorGor,HylMol,MacNem,PapAnu,PapCyn	14
487	AotNan,GorGor,HylMol,PanPan...CalJac,ColAng,HomSap,MacMul,MacNem,PanTro,PapAnu,PapCyn	14
488	AotNan,CalJac,ColAng,GorGor,HylMol,PanPan,PapAnu,PapCyn...HomSap,MacMul,MacNem,PanTro	14
489	AotNan,CalJac,HomSap,HylMol,MacMul,PanPan,PanTro...ColAng,GorGor,MacNem,PapAnu,PapCyn	14
490	AotNan,HylMol,PapCyn...CalJac,ColAng,GorGor,HomSap,MacMul,MacNem,PanPan,PanTro,PapAnu	14
491	AotNan,CalJac,GorGor,HylMol,MacMul,PanPan,PanTro,PapAnu,PapCyn...ColAng,HomSap,MacNem	14
492	AotNan,CalJac,GorGor,HomSap,HylMol,MacMul,MacNem,PanPan...ColAng,PanTro,PapAnu,PapCyn	13
493	AotNan,GorGor,HylMol,PanPan,PanTro,PapAnu,PapCyn...CalJac,ColAng,HomSap,MacMul,MacNem	13
494	AotNan,CalJac,ColAng,GorGor,MacMul,PanPan,PanTro,PapAnu,PapCyn...HomSap,HylMol,MacNem	13
495	AotNan,ColAng,GorGor,HomSap,HylMol,PanPan,PapAnu,PapCyn...CalJac,MacMul,MacNem,PanTro	13
496	AotNan,CalJac,ColAng,HomSap,PanTro...GorGor,HylMol,MacMul,MacNem,PanPan,PapAnu,PapCyn	13
497	AotNan,ColAng,GorGor,MacMul,MacNem...CalJac,HomSap,HylMol,PanPan,PanTro,PapAnu,PapCyn	13
498	AotNan,CalJac,ColAng,HylMol,MacMul,MacNem,PanPan,PanTro,PapCyn...GorGor,HomSap,PapAnu	13
499	AotNan,CalJac,ColAng,GorGor,HomSap,MacMul,MacNem,PapCyn...HylMol,PanPan,PanTro,PapAnu	13
500	AotNan,GorGor,PapAnu...CalJac,ColAng,HomSap,HylMol,MacMul,MacNem,PanPan,PanTro,PapCyn	13
501	AotNan,ColAng,GorGor,HomSap,HylMol,PanTro,PapAnu,PapCyn...CalJac,MacMul,MacNem,PanPan	13
502	AotNan,CalJac,ColAng,HomSap,PanPan...GorGor,HylMol,MacMul,MacNem,PanTro,PapAnu,PapCyn	13
503	AotNan,ColAng,HomSap,HylMol,MacMul,MacNem,PanPan,PanTro,PapCyn...CalJac,GorGor,PapAnu	13
504	AotNan,CalJac,ColAng,GorGor,HomSap,MacMul,PapAnu,PapCyn...HylMol,MacNem,PanPan,PanTro	13
505	AotNan,CalJac,GorGor,MacMul,MacNem,PanTro,PapAnu,PapCyn...ColAng,HomSap,HylMol,PanPan	12
506	AotNan,ColAng,HomSap,MacMul,MacNem,PanPan,PapAnu,PapCyn...CalJac,GorGor,HylMol,PanTro	12
507	AotNan,HomSap,HylMol,PanPan...CalJac,ColAng,GorGor,MacMul,MacNem,PanTro,PapAnu,PapCyn	12
508	AotNan,CalJac,ColAng,GorGor,HylMol,MacMul,MacNem,PanTro...HomSap,PanPan,PapAnu,PapCyn	12
509	AotNan,CalJac,ColAng,GorGor,HylMol,MacMul,MacNem,PanPan...HomSap,PanTro,PapAnu,PapCyn	12
510	AotNan,CalJac,ColAng,HomSap,MacMul,MacNem,PanPan,PanTro,PapAnu...GorGor,HylMol,PapCyn	12
511	AotNan,CalJac,HomSap,MacNem,PanPan,PanTro...ColAng,GorGor,HylMol,MacMul,PapAnu,PapCyn	12
512	AotNan,CalJac,ColAng,HylMol,MacNem,PanPan,PanTro,PapAnu,PapCyn...GorGor,HomSap,MacMul	12
513	AotNan,CalJac,ColAng,GorGor,HomSap,MacNem,PapAnu,PapCyn...HylMol,MacMul,PanPan,PanTro	12
514	AotNan,GorGor,HomSap,HylMol,PapAnu,PapCyn...CalJac,ColAng,MacMul,MacNem,PanPan,PanTro	12
515	AotNan,ColAng,HomSap,PanPan,PanTro,PapAnu,PapCyn...CalJac,GorGor,HylMol,MacMul,MacNem	12
516	AotNan,CalJac,GorGor,HomSap,HylMol,MacNem,PanPan,PanTro,PapAnu...ColAng,MacMul,PapCyn	12
517	AotNan,CalJac,ColAng,HomSap,HylMol,MacMul,MacNem,PapAnu...GorGor,PanPan,PanTro,PapCyn	11
518	AotNan,CalJac,GorGor,HylMol,PapAnu...ColAng,HomSap,MacMul,MacNem,PanPan,PanTro,PapCyn	11
519	AotNan,CalJac,PanPan,PapAnu...ColAng,GorGor,HomSap,HylMol,MacMul,MacNem,PanTro,PapCyn	11
520	AotNan,CalJac,ColAng,GorGor,HomSap,PanPan,PapAnu,PapCyn...HylMol,MacMul,MacNem,PanTro	11
521	AotNan,CalJac,ColAng,HomSap,HylMol,MacNem,PanPan,PanTro...GorGor,MacMul,PapAnu,PapCyn	11
522	AotNan,CalJac,ColAng,HomSap,HylMol,PanPan,PanTro,PapCyn...GorGor,MacMul,MacNem,PapAnu	11
523	AotNan,GorGor,HylMol,MacMul,MacNem...CalJac,ColAng,HomSap,PanPan,PanTro,PapAnu,PapCyn	11
524	AotNan,HomSap,HylMol,PanPan,PanTro,PapAnu,PapCyn...CalJac,ColAng,GorGor,MacMul,MacNem	11
525	AotNan,CalJac,HomSap,MacMul,MacNem,PanPan,PapAnu,PapCyn...ColAng,GorGor,HylMol,PanTro	11
526	AotNan,ColAng,GorGor,HomSap,HylMol,MacMul,MacNem,PanPan...CalJac,PanTro,PapAnu,PapCyn	11
527	AotNan,GorGor,HomSap,PanPan,PanTro,PapCyn...CalJac,ColAng,HylMol,MacMul,MacNem,PapAnu	11
528	AotNan,CalJac,ColAng,HomSap,HylMol,MacMul,MacNem,PapCyn...GorGor,PanPan,PanTro,PapAnu	11
529	AotNan,ColAng,GorGor,PapAnu,PapCyn...CalJac,HomSap,HylMol,MacMul,MacNem,PanPan,PanTro	10
530	AotNan,CalJac,MacNem,PanTro...ColAng,GorGor,HomSap,HylMol,MacMul,PanPan,PapAnu,PapCyn	10
531	AotNan,CalJac,ColAng,GorGor,PanTro...HomSap,HylMol,MacMul,MacNem,PanPan,PapAnu,PapCyn	10
532	AotNan,CalJac,GorGor,HylMol,MacNem,PanPan,PanTro,PapAnu,PapCyn...ColAng,HomSap,MacMul	10
533	AotNan,CalJac,GorGor,HomSap,HylMol,MacNem,PapAnu,PapCyn...ColAng,MacMul,PanPan,PanTro	10
534	AotNan,CalJac,MacMul,PapAnu...ColAng,GorGor,HomSap,HylMol,MacNem,PanPan,PanTro,PapCyn	10
535	AotNan,ColAng,HomSap,PapAnu,PapCyn...CalJac,GorGor,HylMol,MacMul,MacNem,PanPan,PanTro	10
536	AotNan,ColAng,GorGor,HylMol,MacNem,PanPan,PanTro,PapAnu,PapCyn...CalJac,HomSap,MacMul	10
537	AotNan,ColAng,HomSap,HylMol,MacNem,PanPan,PanTro,PapAnu,PapCyn...CalJac,GorGor,MacMul	10
538	AotNan,CalJac,ColAng,GorGor,HylMol,PanPan,PanTro,PapAnu...HomSap,MacMul,MacNem,PapCyn	10
539	AotNan,CalJac,GorGor,HylMol,MacNem,PanPan,PanTro...ColAng,HomSap,MacMul,PapAnu,PapCyn	10
540	AotNan,ColAng,GorGor,MacMul,MacNem,PanPan,PapAnu,PapCyn...CalJac,HomSap,HylMol,PanTro	10
541	AotNan,CalJac,ColAng,GorGor,HylMol,MacNem,PanPan,PanTro...HomSap,MacMul,PapAnu,PapCyn	10
542	AotNan,CalJac,ColAng,HomSap,HylMol,PanTro,PapAnu,PapCyn...GorGor,MacMul,MacNem,PanPan	10
543	AotNan,CalJac,HomSap,HylMol,PanPan,PanTro,PapCyn...ColAng,GorGor,MacMul,MacNem,PapAnu	10
544	AotNan,CalJac,ColAng,GorGor,HomSap,HylMol,MacMul...MacNem,PanPan,PanTro,PapAnu,PapCyn	10
545	AotNan,CalJac,GorGor,HomSap,HylMol,MacNem...ColAng,MacMul,PanPan,PanTro,PapAnu,PapCyn	10
546	AotNan,CalJac,ColAng,HylMol,PanPan,PapAnu,PapCyn...GorGor,HomSap,MacMul,MacNem,PanTro	10
547	AotNan,CalJac,ColAng,GorGor,MacNem,PapAnu,PapCyn...HomSap,HylMol,MacMul,PanPan,PanTro	10
548	AotNan,CalJac,MacMul,PanPan...ColAng,GorGor,HomSap,HylMol,MacNem,PanTro,PapAnu,PapCyn	10
549	AotNan,GorGor,HomSap,MacMul,MacNem,PanPan,PanTro,PapCyn...CalJac,ColAng,HylMol,PapAnu	9
550	AotNan,CalJac,ColAng,GorGor,HomSap,MacMul,MacNem,PapAnu...HylMol,PanPan,PanTro,PapCyn	9
551	AotNan,GorGor,HomSap,MacMul,PanPan,PanTro,PapAnu,PapCyn...CalJac,ColAng,HylMol,MacNem	9
552	AotNan,CalJac,GorGor,HylMol,MacNem,PapAnu,PapCyn...ColAng,HomSap,MacMul,PanPan,PanTro	9
553	AotNan,CalJac,ColAng,GorGor,HomSap,PanTro,PapAnu,PapCyn...HylMol,MacMul,MacNem,PanPan	9
554	AotNan,GorGor,HomSap,MacMul,MacNem,PanPan,PapAnu,PapCyn...CalJac,ColAng,HylMol,PanTro	9
555	AotNan,HomSap,HylMol,MacMul,MacNem,PanPan,PanTro...CalJac,ColAng,GorGor,PapAnu,PapCyn	9
556	AotNan,CalJac,ColAng,GorGor,MacMul,MacNem,PapCyn...HomSap,HylMol,PanPan,PanTro,PapAnu	9
557	AotNan,CalJac,ColAng,GorGor,MacMul,MacNem,PanPan,PanTro,PapAnu...HomSap,HylMol,PapCyn	9
558	AotNan,GorGor,HomSap,MacMul,MacNem,PanTro,PapAnu,PapCyn...CalJac,ColAng,HylMol,PanPan	9
559	AotNan,ColAng,HylMol,PanPan...CalJac,GorGor,HomSap,MacMul,MacNem,PanTro,PapAnu,PapCyn	9
560	AotNan,MacMul,MacNem,PanTro...CalJac,ColAng,GorGor,HomSap,HylMol,PanPan,PapAnu,PapCyn	8
561	AotNan,HylMol,MacMul,MacNem,PapAnu...CalJac,ColAng,GorGor,HomSap,PanPan,PanTro,PapCyn	8
562	AotNan,CalJac,ColAng,GorGor,HomSap,HylMol,MacNem...MacMul,PanPan,PanTro,PapAnu,PapCyn	8
563	AotNan,CalJac,GorGor,HomSap,HylMol,MacMul,PapAnu,PapCyn...ColAng,MacNem,PanPan,PanTro	8
564	AotNan,CalJac,ColAng,GorGor,HylMol,MacMul...HomSap,MacNem,PanPan,PanTro,PapAnu,PapCyn	8
565	AotNan,CalJac,HomSap,PanPan,PanTro,PapAnu...ColAng,GorGor,HylMol,MacMul,MacNem,PapCyn	8
566	AotNan,HomSap,HylMol,PanTro...CalJac,ColAng,GorGor,MacMul,MacNem,PanPan,PapAnu,PapCyn	8
567	AotNan,HomSap,MacMul...CalJac,ColAng,GorGor,HylMol,MacNem,PanPan,PanTro,PapAnu,PapCyn	8
568	AotNan,GorGor,PapCyn...CalJac,ColAng,HomSap,HylMol,MacMul,MacNem,PanPan,PanTro,PapAnu	8
569	AotNan,ColAng,GorGor,HomSap,PanTro...CalJac,HylMol,MacMul,MacNem,PanPan,PapAnu,PapCyn	8
570	AotNan,CalJac,MacNem,PapCyn...ColAng,GorGor,HomSap,HylMol,MacMul,PanPan,PanTro,PapAnu	8
571	AotNan,ColAng,GorGor,HomSap,HylMol,MacMul,MacNem,PapCyn...CalJac,PanPan,PanTro,PapAnu	8
572	AotNan,ColAng,GorGor,HomSap,MacMul,MacNem...CalJac,HylMol,PanPan,PanTro,PapAnu,PapCyn	8
573	AotNan,HomSap,PapAnu...CalJac,ColAng,GorGor,HylMol,MacMul,MacNem,PanPan,PanTro,PapCyn	8
574	AotNan,CalJac,GorGor,MacMul,MacNem,PanPan,PapAnu,PapCyn...ColAng,HomSap,HylMol,PanTro	8
575	AotNan,ColAng,MacMul,MacNem,PanPan,PanTro...CalJac,GorGor,HomSap,HylMol,PapAnu,PapCyn	8
576	AotNan,CalJac,HomSap,MacNem,PapAnu,PapCyn...ColAng,GorGor,HylMol,MacMul,PanPan,PanTro	8
577	AotNan,ColAng,GorGor,HomSap,HylMol,MacMul,PanPan,PapAnu,PapCyn...CalJac,MacNem,PanTro	8
578	AotNan,CalJac,ColAng,GorGor,MacNem...HomSap,HylMol,MacMul,PanPan,PanTro,PapAnu,PapCyn	8
579	AotNan,CalJac,ColAng,GorGor,HylMol,PapAnu...HomSap,MacMul,MacNem,PanPan,PanTro,PapCyn	8
580	AotNan,HomSap,HylMol,PapAnu,PapCyn...CalJac,ColAng,GorGor,MacMul,MacNem,PanPan,PanTro	7
581	AotNan,HylMol,MacMul,MacNem,PanPan,PapAnu,PapCyn...CalJac,ColAng,GorGor,HomSap,PanTro	7
582	AotNan,HomSap,MacMul,PanPan,PanTro...CalJac,ColAng,GorGor,HylMol,MacNem,PapAnu,PapCyn	7
583	AotNan,CalJac,ColAng,MacMul,MacNem,PanTro...GorGor,HomSap,HylMol,PanPan,PapAnu,PapCyn	7
584	AotNan,CalJac,ColAng,GorGor,MacMul,MacNem,PapAnu...HomSap,HylMol,PanPan,PanTro,PapCyn	7
585	AotNan,PanPan,PapAnu,PapCyn...CalJac,ColAng,GorGor,HomSap,HylMol,MacMul,MacNem,PanTro	7
586	AotNan,CalJac,ColAng,GorGor,HylMol,MacNem...HomSap,MacMul,PanPan,PanTro,PapAnu,PapCyn	7
587	AotNan,CalJac,ColAng,HomSap,MacMul,PapAnu,PapCyn...GorGor,HylMol,MacNem,PanPan,PanTro	7
588	AotNan,MacMul,MacNem,PanPan...CalJac,ColAng,GorGor,HomSap,HylMol,PanTro,PapAnu,PapCyn	7
589	AotNan,CalJac,ColAng,HomSap,MacMul...GorGor,HylMol,MacNem,PanPan,PanTro,PapAnu,PapCyn	7
590	AotNan,CalJac,ColAng,MacMul,MacNem,PanPan...GorGor,HomSap,HylMol,PanTro,PapAnu,PapCyn	7
591	AotNan,CalJac,HomSap,PanPan,PanTro,PapCyn...ColAng,GorGor,HylMol,MacMul,MacNem,PapAnu	7
592	AotNan,GorGor,HylMol,MacMul,MacNem,PanPan,PanTro...CalJac,ColAng,HomSap,PapAnu,PapCyn	7
593	AotNan,GorGor,HomSap,MacNem,PanPan,PanTro,PapAnu,PapCyn...CalJac,ColAng,HylMol,MacMul	7
594	AotNan,CalJac,GorGor,HylMol,MacMul,PanPan,PanTro...ColAng,HomSap,MacNem,PapAnu,PapCyn	7
595	AotNan,CalJac,PanPan,PanTro,PapCyn...ColAng,GorGor,HomSap,HylMol,MacMul,MacNem,PapAnu	7
596	AotNan,CalJac,ColAng,PanPan,PapAnu,PapCyn...GorGor,HomSap,HylMol,MacMul,MacNem,PanTro	7
597	AotNan,CalJac,ColAng,GorGor,HylMol,PanTro,PapAnu,PapCyn...HomSap,MacMul,MacNem,PanPan	7
598	AotNan,CalJac,HylMol,PanPan,PapAnu,PapCyn...ColAng,GorGor,HomSap,MacMul,MacNem,PanTro	7
599	AotNan,ColAng,HomSap,HylMol,MacMul,MacNem...CalJac,GorGor,PanPan,PanTro,PapAnu,PapCyn	7
600	AotNan,CalJac,HylMol,PanTro,PapAnu,PapCyn...ColAng,GorGor,HomSap,MacMul,MacNem,PanPan	7
601	AotNan,CalJac,GorGor,HomSap,HylMol,MacMul,PanTro,PapAnu,PapCyn...ColAng,MacNem,PanPan	7
602	AotNan,CalJac,MacNem,PapAnu...ColAng,GorGor,HomSap,HylMol,MacMul,PanPan,PanTro,PapCyn	7
603	AotNan,CalJac,HomSap,HylMol,MacNem...ColAng,GorGor,MacMul,PanPan,PanTro,PapAnu,PapCyn	7
604	AotNan,ColAng,GorGor,HylMol,MacMul,PapAnu,PapCyn...CalJac,HomSap,MacNem,PanPan,PanTro	6
605	AotNan,ColAng,GorGor,HomSap,MacNem,PanPan,PanTro...CalJac,HylMol,MacMul,PapAnu,PapCyn	6
606	AotNan,ColAng,HylMol,PanTro...CalJac,GorGor,HomSap,MacMul,MacNem,PanPan,PapAnu,PapCyn	6
607	AotNan,CalJac,MacMul,PanTro...ColAng,GorGor,HomSap,HylMol,MacNem,PanPan,PapAnu,PapCyn	6
608	AotNan,GorGor,MacMul,MacNem,PanPan,PanTro...CalJac,ColAng,HomSap,HylMol,PapAnu,PapCyn	6
609	AotNan,CalJac,PanTro,PapAnu...ColAng,GorGor,HomSap,HylMol,MacMul,MacNem,PanPan,PapCyn	6
610	AotNan,CalJac,MacNem,PanPan...ColAng,GorGor,HomSap,HylMol,MacMul,PanTro,PapAnu,PapCyn	6
611	AotNan,PanPan,PanTro,PapAnu...CalJac,ColAng,GorGor,HomSap,HylMol,MacMul,MacNem,PapCyn	6
612	AotNan,CalJac,ColAng,GorGor,PapAnu...HomSap,HylMol,MacMul,MacNem,PanPan,PanTro,PapCyn	6
613	AotNan,CalJac,ColAng,HomSap,HylMol,MacMul,MacNem,PanTro...GorGor,PanPan,PapAnu,PapCyn	6
614	AotNan,HylMol,MacMul,PapAnu,PapCyn...CalJac,ColAng,GorGor,HomSap,MacNem,PanPan,PanTro	6
615	AotNan,CalJac,ColAng,GorGor,HylMol,MacMul,PanPan,PapAnu,PapCyn...HomSap,MacNem,PanTro	6
616	AotNan,CalJac,ColAng,GorGor,HylMol,PanPan,PanTro,PapCyn...HomSap,MacMul,MacNem,PapAnu	6
617	AotNan,ColAng,GorGor,HomSap,HylMol,MacMul,PanTro,PapAnu,PapCyn...CalJac,MacNem,PanPan	6
618	AotNan,ColAng,GorGor,HomSap,HylMol,MacNem,PapAnu,PapCyn...CalJac,MacMul,PanPan,PanTro	6
619	AotNan,PanTro,PapAnu,PapCyn...CalJac,ColAng,GorGor,HomSap,HylMol,MacMul,MacNem,PanPan	6
620	AotNan,HylMol,MacNem,PapAnu,PapCyn...CalJac,ColAng,GorGor,HomSap,MacMul,PanPan,PanTro	6
621	AotNan,ColAng,HomSap,HylMol,PapAnu,PapCyn...CalJac,GorGor,MacMul,MacNem,PanPan,PanTro	6
622	AotNan,CalJac,ColAng,HylMol,MacMul,MacNem,PanTro...GorGor,HomSap,PanPan,PapAnu,PapCyn	6
623	AotNan,CalJac,GorGor,MacMul,PanPan,PanTro...ColAng,HomSap,HylMol,MacNem,PapAnu,PapCyn	6
624	AotNan,CalJac,PanPan,PapCyn...ColAng,GorGor,HomSap,HylMol,MacMul,MacNem,PanTro,PapAnu	6
625	AotNan,CalJac,GorGor,HylMol,MacMul,MacNem,PanPan,PanTro,PapAnu...ColAng,HomSap,PapCyn	6
626	AotNan,CalJac,PanTro,PapCyn...ColAng,GorGor,HomSap,HylMol,MacMul,MacNem,PanPan,PapAnu	6
627	AotNan,HylMol,MacMul,MacNem,PanPan,PanTro...CalJac,ColAng,GorGor,HomSap,PapAnu,PapCyn	6
628	AotNan,CalJac,GorGor,HomSap,HylMol,MacMul...ColAng,MacNem,PanPan,PanTro,PapAnu,PapCyn	6
629	AotNan,CalJac,ColAng,MacNem,PapAnu...GorGor,HomSap,HylMol,MacMul,PanPan,PanTro,PapCyn	6
630	AotNan,CalJac,HylMol,MacMul,MacNem,PanPan...ColAng,GorGor,HomSap,PanTro,PapAnu,PapCyn	6
631	AotNan,CalJac,GorGor,HylMol,MacNem...ColAng,HomSap,MacMul,PanPan,PanTro,PapAnu,PapCyn	6
632	AotNan,CalJac,ColAng,HylMol,MacMul,MacNem,PanPan,PanTro,PapAnu...GorGor,HomSap,PapCyn	6
633	AotNan,CalJac,GorGor,MacMul,MacNem,PapCyn...ColAng,HomSap,HylMol,PanPan,PanTro,PapAnu	5
634	AotNan,CalJac,GorGor,HylMol,MacMul...ColAng,HomSap,MacNem,PanPan,PanTro,PapAnu,PapCyn	5
635	AotNan,CalJac,GorGor,HomSap,MacNem...ColAng,HylMol,MacMul,PanPan,PanTro,PapAnu,PapCyn	5
636	AotNan,ColAng,HomSap,HylMol,MacMul,MacNem,PanPan,PanTro,PapAnu...CalJac,GorGor,PapCyn	5
637	AotNan,CalJac,ColAng,GorGor,HomSap,MacNem,PanPan,PapAnu,PapCyn...HylMol,MacMul,PanTro	5
638	AotNan,CalJac,HomSap,HylMol,MacMul,MacNem,PanPan,PanTro,PapAnu...ColAng,GorGor,PapCyn	5
639	AotNan,CalJac,ColAng,HomSap,MacNem,PapAnu,PapCyn...GorGor,HylMol,MacMul,PanPan,PanTro	5
640	AotNan,GorGor,PanPan,PanTro,PapAnu,PapCyn...CalJac,ColAng,HomSap,HylMol,MacMul,MacNem	5
641	AotNan,CalJac,ColAng,HomSap,HylMol,MacMul,MacNem,PanPan...GorGor,PanTro,PapAnu,PapCyn	5
642	AotNan,CalJac,HomSap,MacMul,PanPan,PanTro,PapAnu,PapCyn...ColAng,GorGor,HylMol,MacNem	5
643	AotNan,ColAng,PanPan,PanTro,PapAnu,PapCyn...CalJac,GorGor,HomSap,HylMol,MacMul,MacNem	5
644	AotNan,CalJac,GorGor,HylMol,MacMul,MacNem,PapCyn...ColAng,HomSap,PanPan,PanTro,PapAnu	5
645	AotNan,ColAng,GorGor,MacMul,MacNem,PanPan,PanTro...CalJac,HomSap,HylMol,PapAnu,PapCyn	5
646	AotNan,CalJac,HylMol,MacMul,MacNem,PanTro...ColAng,GorGor,HomSap,PanPan,PapAnu,PapCyn	5
647	AotNan,MacNem,PanPan,PanTro...CalJac,ColAng,GorGor,HomSap,HylMol,MacMul,PapAnu,PapCyn	5
648	AotNan,CalJac,ColAng,HomSap,HylMol,PanPan,PapAnu,PapCyn...GorGor,MacMul,MacNem,PanTro	5
649	AotNan,ColAng,MacMul,MacNem,PanPan...CalJac,GorGor,HomSap,HylMol,PanTro,PapAnu,PapCyn	5
650	AotNan,CalJac,ColAng,MacNem,PanPan,PanTro,PapAnu,PapCyn...GorGor,HomSap,HylMol,MacMul	5
651	AotNan,MacMul,PanPan,PanTro...CalJac,ColAng,GorGor,HomSap,HylMol,MacNem,PapAnu,PapCyn	5
652	AotNan,CalJac,ColAng,HylMol,PanTro,PapAnu,PapCyn...GorGor,HomSap,MacMul,MacNem,PanPan	5
653	AotNan,ColAng,GorGor,HomSap,HylMol,MacMul,MacNem,PapAnu...CalJac,PanPan,PanTro,PapCyn	5
654	AotNan,ColAng,GorGor,HomSap,PanPan...CalJac,HylMol,MacMul,MacNem,PanTro,PapAnu,PapCyn	5
655	AotNan,ColAng,GorGor,HomSap,MacMul,PanPan,PanTro...CalJac,HylMol,MacNem,PapAnu,PapCyn	5
656	AotNan,CalJac,MacMul,PapCyn...ColAng,GorGor,HomSap,HylMol,MacNem,PanPan,PanTro,PapAnu	5
657	AotNan,CalJac,ColAng,MacMul,MacNem,PanPan,PanTro,PapCyn...GorGor,HomSap,HylMol,PapAnu	5
658	AotNan,ColAng,GorGor,HylMol,MacMul,MacNem,PapCyn...CalJac,HomSap,PanPan,PanTro,PapAnu	5
659	AotNan,CalJac,ColAng,HylMol,MacMul,MacNem,PanPan...GorGor,HomSap,PanTro,PapAnu,PapCyn	5
660	AotNan,ColAng,GorGor,HomSap,PanPan,PanTro,PapAnu...CalJac,HylMol,MacMul,MacNem,PapCyn	5
661	AotNan,HomSap,HylMol,MacMul,PanPan,PanTro,PapAnu,PapCyn...CalJac,ColAng,GorGor,MacNem	5
662	AotNan,ColAng,GorGor,PanPan,PanTro,PapAnu,PapCyn...CalJac,HomSap,HylMol,MacMul,MacNem	5
663	AotNan,CalJac,GorGor,HomSap,HylMol,MacNem,PanPan,PapAnu,PapCyn...ColAng,MacMul,PanTro	5
664	AotNan,CalJac,GorGor,HylMol,PanPan,PanTro,PapAnu...ColAng,HomSap,MacMul,MacNem,PapCyn	5
665	AotNan,CalJac,ColAng,MacNem,PanPan,PanTro...GorGor,HomSap,HylMol,MacMul,PapAnu,PapCyn	5
666	AotNan,CalJac,ColAng,MacMul,PapCyn...GorGor,HomSap,HylMol,MacNem,PanPan,PanTro,PapAnu	5
667	AotNan,ColAng,GorGor,HomSap,HylMol,MacNem,PanPan,PanTro,PapCyn...CalJac,MacMul,PapAnu	5
668	AotNan,CalJac,ColAng,GorGor,HomSap,MacMul,MacNem,PanTro,PapCyn...HylMol,PanPan,PapAnu	5
669	AotNan,CalJac,MacMul,PanPan,PanTro,PapAnu,PapCyn...ColAng,GorGor,HomSap,HylMol,MacNem	4
670	AotNan,CalJac,ColAng,GorGor,HomSap,HylMol,PapCyn...MacMul,MacNem,PanPan,PanTro,PapAnu	4
671	AotNan,CalJac,GorGor,HomSap,HylMol,MacMul,PanTro...ColAng,MacNem,PanPan,PapAnu,PapCyn	4
672	AotNan,CalJac,ColAng,GorGor,HomSap,HylMol,PapAnu...MacMul,MacNem,PanPan,PanTro,PapCyn	4
673	AotNan,GorGor,HomSap,MacMul,MacNem,PanPan,PanTro,PapAnu...CalJac,ColAng,HylMol,PapCyn	4
674	AotNan,HylMol,MacMul,MacNem,PanTro,PapAnu,PapCyn...CalJac,ColAng,GorGor,HomSap,PanPan	4
675	AotNan,MacMul,PapCyn...CalJac,ColAng,GorGor,HomSap,HylMol,MacNem,PanPan,PanTro,PapAnu	4
676	AotNan,CalJac,HomSap,MacMul,PapAnu,PapCyn...ColAng,GorGor,HylMol,MacNem,PanPan,PanTro	4
677	AotNan,CalJac,ColAng,GorGor,HomSap,MacNem,PanTro,PapAnu,PapCyn...HylMol,MacMul,PanPan	4
678	AotNan,CalJac,HomSap,HylMol,PapAnu...ColAng,GorGor,MacMul,MacNem,PanPan,PanTro,PapCyn	4
679	AotNan,CalJac,ColAng,HomSap,PapCyn...GorGor,HylMol,MacMul,MacNem,PanPan,PanTro,PapAnu	4
680	AotNan,GorGor,HomSap,MacMul,MacNem...CalJac,ColAng,HylMol,PanPan,PanTro,PapAnu,PapCyn	4
681	AotNan,HomSap,HylMol,MacMul,PanPan,PanTro...CalJac,ColAng,GorGor,MacNem,PapAnu,PapCyn	4
682	AotNan,CalJac,GorGor,MacNem,PanPan,PanTro...ColAng,HomSap,HylMol,MacMul,PapAnu,PapCyn	4
683	AotNan,ColAng,HomSap,MacMul,PanPan,PanTro,PapAnu,PapCyn...CalJac,GorGor,HylMol,MacNem	4
684	AotNan,CalJac,HomSap,HylMol,MacMul...ColAng,GorGor,MacNem,PanPan,PanTro,PapAnu,PapCyn	4
685	AotNan,CalJac,HomSap,HylMol,PanPan,PanTro,PapAnu...ColAng,GorGor,MacMul,MacNem,PapCyn	4
686	AotNan,CalJac,ColAng,GorGor,HomSap,HylMol,PanTro,PapCyn...MacMul,MacNem,PanPan,PapAnu	4
687	AotNan,GorGor,MacMul,MacNem,PanTro,PapAnu,PapCyn...CalJac,ColAng,HomSap,HylMol,PanPan	4
688	AotNan,CalJac,ColAng,HomSap,MacMul,MacNem,PapCyn...GorGor,HylMol,PanPan,PanTro,PapAnu	4
689	AotNan,ColAng,HylMol,MacMul...CalJac,GorGor,HomSap,MacNem,PanPan,PanTro,PapAnu,PapCyn	4
690	AotNan,CalJac,HomSap,MacMul,MacNem,PanPan,PanTro,PapAnu...ColAng,GorGor,HylMol,PapCyn	4
691	AotNan,CalJac,ColAng,GorGor,MacMul...HomSap,HylMol,MacNem,PanPan,PanTro,PapAnu,PapCyn	4
692	AotNan,ColAng,GorGor,HylMol,PanPan...CalJac,HomSap,MacMul,MacNem,PanTro,PapAnu,PapCyn	4
693	AotNan,ColAng,HylMol,MacNem...CalJac,GorGor,HomSap,MacMul,PanPan,PanTro,PapAnu,PapCyn	4
694	AotNan,CalJac,ColAng,HomSap,MacMul,MacNem,PanPan...GorGor,HylMol,PanTro,PapAnu,PapCyn	4
695	AotNan,CalJac,ColAng,GorGor,PapCyn...HomSap,HylMol,MacMul,MacNem,PanPan,PanTro,PapAnu	4
696	AotNan,GorGor,HylMol,MacMul,PanPan,PanTro...CalJac,ColAng,HomSap,MacNem,PapAnu,PapCyn	4
697	AotNan,CalJac,ColAng,GorGor,HomSap,MacMul,PanPan,PapAnu,PapCyn...HylMol,MacNem,PanTro	4
698	AotNan,GorGor,HylMol,PanPan,PanTro,PapAnu...CalJac,ColAng,HomSap,MacMul,MacNem,PapCyn	4
699	AotNan,CalJac,GorGor,HylMol,PapCyn...ColAng,HomSap,MacMul,MacNem,PanPan,PanTro,PapAnu	4
700	AotNan,HylMol,PanPan,PanTro,PapAnu,PapCyn...CalJac,ColAng,GorGor,HomSap,MacMul,MacNem	4
701	AotNan,CalJac,ColAng,MacMul,PapAnu...GorGor,HomSap,HylMol,MacNem,PanPan,PanTro,PapCyn	4
702	AotNan,ColAng,HomSap,PanTro...CalJac,GorGor,HylMol,MacMul,MacNem,PanPan,PapAnu,PapCyn	4
703	AotNan,ColAng,GorGor,HylMol,MacNem,PapAnu,PapCyn...CalJac,HomSap,MacMul,PanPan,PanTro	4
704	AotNan,CalJac,GorGor,HomSap,HylMol,MacMul,MacNem,PapCyn...ColAng,PanPan,PanTro,PapAnu	4
705	AotNan,HomSap,MacNem,PanPan,PanTro...CalJac,ColAng,GorGor,HylMol,MacMul,PapAnu,PapCyn	4
706	AotNan,CalJac,ColAng,HylMol,MacMul,PanPan,PapAnu,PapCyn...GorGor,HomSap,MacNem,PanTro	4
707	AotNan,CalJac,GorGor,HomSap,MacMul,PapAnu,PapCyn...ColAng,HylMol,MacNem,PanPan,PanTro	4
708	AotNan,HomSap,MacNem...CalJac,ColAng,GorGor,HylMol,MacMul,PanPan,PanTro,PapAnu,PapCyn	4
709	AotNan,CalJac,GorGor,HomSap,HylMol,MacNem,PanTro,PapAnu,PapCyn...ColAng,MacMul,PanPan	4
710	AotNan,CalJac,ColAng,MacMul,PanPan,PanTro,PapAnu,PapCyn...GorGor,HomSap,HylMol,MacNem	3
711	AotNan,ColAng,GorGor,PanPan...CalJac,HomSap,HylMol,MacMul,MacNem,PanTro,PapAnu,PapCyn	3
712	AotNan,CalJac,ColAng,MacNem,PapCyn...GorGor,HomSap,HylMol,MacMul,PanPan,PanTro,PapAnu	3
713	AotNan,CalJac,ColAng,GorGor,HylMol,MacMul,PanTro,PapAnu,PapCyn...HomSap,MacNem,PanPan	3
714	AotNan,HomSap,PanPan,PanTro,PapCyn...CalJac,ColAng,GorGor,HylMol,MacMul,MacNem,PapAnu	3
715	AotNan,CalJac,ColAng,GorGor,HomSap,MacNem,PanPan,PanTro,PapCyn...HylMol,MacMul,PapAnu	3
716	AotNan,HomSap,MacMul,MacNem,PanPan,PapAnu,PapCyn...CalJac,ColAng,GorGor,HylMol,PanTro	3
717	AotNan,HylMol,MacMul,MacNem,PapCyn...CalJac,ColAng,GorGor,HomSap,PanPan,PanTro,PapAnu	3
718	AotNan,CalJac,ColAng,MacMul,PanPan,PapAnu,PapCyn...GorGor,HomSap,HylMol,MacNem,PanTro	3
719	AotNan,GorGor,HomSap,HylMol,PanPan,PapAnu,PapCyn...CalJac,ColAng,MacMul,MacNem,PanTro	3
720	AotNan,CalJac,ColAng,GorGor,PanTro,PapAnu,PapCyn...HomSap,HylMol,MacMul,MacNem,PanPan	3
721	AotNan,CalJac,ColAng,HomSap,PapAnu...GorGor,HylMol,MacMul,MacNem,PanPan,PanTro,PapCyn	3
722	AotNan,ColAng,HylMol,PanPan,PanTro,PapAnu,PapCyn...CalJac,GorGor,HomSap,MacMul,MacNem	3
723	AotNan,CalJac,ColAng,HomSap,MacNem,PanPan,PanTro...GorGor,HylMol,MacMul,PapAnu,PapCyn	3
724	AotNan,CalJac,HylMol,MacNem,PanPan,PanTro...ColAng,GorGor,HomSap,MacMul,PapAnu,PapCyn	3
725	AotNan,MacNem,PapCyn...CalJac,ColAng,GorGor,HomSap,HylMol,MacMul,PanPan,PanTro,PapAnu	3
726	AotNan,ColAng,GorGor,MacNem,PapAnu,PapCyn...CalJac,HomSap,HylMol,MacMul,PanPan,PanTro	3
727	AotNan,CalJac,ColAng,PanTro,PapCyn...GorGor,HomSap,HylMol,MacMul,MacNem,PanPan,PapAnu	3
728	AotNan,CalJac,GorGor,HomSap,HylMol,MacMul,MacNem,PanPan,PapAnu...ColAng,PanTro,PapCyn	3
729	AotNan,GorGor,HomSap,HylMol,MacMul,MacNem,PanTro...CalJac,ColAng,PanPan,PapAnu,PapCyn	3
730	AotNan,CalJac,HylMol,MacMul,PapAnu...ColAng,GorGor,HomSap,MacNem,PanPan,PanTro,PapCyn	3
731	AotNan,ColAng,PanTro,PapAnu,PapCyn...CalJac,GorGor,HomSap,HylMol,MacMul,MacNem,PanPan	3
732	AotNan,MacMul,PanTro...CalJac,ColAng,GorGor,HomSap,HylMol,MacNem,PanPan,PapAnu,PapCyn	3
733	AotNan,CalJac,ColAng,HomSap,HylMol,MacNem...GorGor,MacMul,PanPan,PanTro,PapAnu,PapCyn	3
734	AotNan,HomSap,HylMol,MacMul,MacNem...CalJac,ColAng,GorGor,PanPan,PanTro,PapAnu,PapCyn	3
735	AotNan,CalJac,ColAng,GorGor,HylMol,PapCyn...HomSap,MacMul,MacNem,PanPan,PanTro,PapAnu	3
736	AotNan,CalJac,ColAng,GorGor,HomSap,HylMol,MacNem,PanTro...MacMul,PanPan,PapAnu,PapCyn	3
737	AotNan,CalJac,ColAng,MacMul,MacNem,PanPan,PanTro,PapAnu...GorGor,HomSap,HylMol,PapCyn	3
738	AotNan,CalJac,ColAng,HomSap,HylMol,MacMul,MacNem,PanTro,PapAnu...GorGor,PanPan,PapCyn	3
739	AotNan,ColAng,HomSap,MacMul,MacNem,PanPan,PanTro,PapCyn...CalJac,GorGor,HylMol,PapAnu	3
740	AotNan,ColAng,GorGor,HomSap,HylMol,MacMul,MacNem,PanPan,PapCyn...CalJac,PanTro,PapAnu	3
741	AotNan,CalJac,GorGor,MacMul,PanPan,PanTro,PapAnu,PapCyn...ColAng,HomSap,HylMol,MacNem	3
742	AotNan,CalJac,ColAng,PanPan,PanTro,PapCyn...GorGor,HomSap,HylMol,MacMul,MacNem,PapAnu	3
743	AotNan,HomSap,HylMol,MacMul,MacNem,PanTro,PapAnu,PapCyn...CalJac,ColAng,GorGor,PanPan	3
744	AotNan,ColAng,GorGor,HomSap,HylMol,MacMul,PanPan,PanTro,PapCyn...CalJac,MacNem,PapAnu	3
745	AotNan,CalJac,ColAng,PanTro,PapAnu,PapCyn...GorGor,HomSap,HylMol,MacMul,MacNem,PanPan	3
746	AotNan,CalJac,ColAng,HomSap,MacNem...GorGor,HylMol,MacMul,PanPan,PanTro,PapAnu,PapCyn	3
747	AotNan,HomSap,MacMul,MacNem,PanTro,PapAnu,PapCyn...CalJac,ColAng,GorGor,HylMol,PanPan	3
748	AotNan,CalJac,ColAng,HomSap,HylMol,MacMul,PanTro,PapAnu,PapCyn...GorGor,MacNem,PanPan	3
749	AotNan,GorGor,HylMol,MacMul,PapAnu,PapCyn...CalJac,ColAng,HomSap,MacNem,PanPan,PanTro	3
750	AotNan,GorGor,HylMol,MacMul,MacNem,PanTro,PapAnu,PapCyn...CalJac,ColAng,HomSap,PanPan	3
751	AotNan,CalJac,GorGor,HomSap,PanTro,PapAnu,PapCyn...ColAng,HylMol,MacMul,MacNem,PanPan	3
752	AotNan,CalJac,GorGor,HomSap,HylMol,MacMul,PanPan...ColAng,MacNem,PanTro,PapAnu,PapCyn	3
753	AotNan,ColAng,HomSap,PanPan...CalJac,GorGor,HylMol,MacMul,MacNem,PanTro,PapAnu,PapCyn	3
754	AotNan,CalJac,GorGor,HomSap,HylMol,MacMul,MacNem,PapAnu...ColAng,PanPan,PanTro,PapCyn	3
755	AotNan,ColAng,GorGor,HomSap,PanPan,PanTro,PapCyn...CalJac,HylMol,MacMul,MacNem,PapAnu	3
756	AotNan,CalJac,GorGor,HomSap,HylMol,PapAnu...ColAng,MacMul,MacNem,PanPan,PanTro,PapCyn	3
757	AotNan,CalJac,ColAng,HomSap,MacMul,PanPan,PanTro...GorGor,HylMol,MacNem,PapAnu,PapCyn	3
758	AotNan,CalJac,ColAng,GorGor,HylMol,MacMul,MacNem,PanPan,PapAnu...HomSap,PanTro,PapCyn	3
759	AotNan,ColAng,GorGor,HomSap,PapAnu,PapCyn...CalJac,HylMol,MacMul,MacNem,PanPan,PanTro	3
760	AotNan,ColAng,HylMol,PapCyn...CalJac,GorGor,HomSap,MacMul,MacNem,PanPan,PanTro,PapAnu	3
761	AotNan,CalJac,MacNem,PanPan,PanTro,PapAnu,PapCyn...ColAng,GorGor,HomSap,HylMol,MacMul	3
762	AotNan,CalJac,ColAng,HomSap,MacMul,MacNem,PapAnu...GorGor,HylMol,PanPan,PanTro,PapCyn	3
763	AotNan,CalJac,HylMol,PanPan,PanTro,PapAnu...ColAng,GorGor,HomSap,MacMul,MacNem,PapCyn	3
764	AotNan,CalJac,GorGor,HomSap,PanPan,PapAnu,PapCyn...ColAng,HylMol,MacMul,MacNem,PanTro	3
765	AotNan,GorGor,HomSap,PapAnu,PapCyn...CalJac,ColAng,HylMol,MacMul,MacNem,PanPan,PanTro	3
766	AotNan,ColAng,GorGor,HomSap,HylMol,MacNem,PanTro,PapAnu,PapCyn...CalJac,MacMul,PanPan	3
767	AotNan,CalJac,GorGor,HomSap,HylMol,MacMul,MacNem,PanPan,PapCyn...ColAng,PanTro,PapAnu	3
768	AotNan,HomSap,HylMol,MacMul,MacNem,PanPan,PanTro,PapCyn...CalJac,ColAng,GorGor,PapAnu	2
769	AotNan,MacMul,PapAnu...CalJac,ColAng,GorGor,HomSap,HylMol,MacNem,PanPan,PanTro,PapCyn	2
770	AotNan,CalJac,ColAng,GorGor,HomSap,MacMul,PanPan,PanTro,PapAnu...HylMol,MacNem,PapCyn	2
771	AotNan,CalJac,MacMul,PanPan,PapAnu,PapCyn...ColAng,GorGor,HomSap,HylMol,MacNem,PanTro	2
772	AotNan,CalJac,GorGor,HomSap,HylMol,MacNem,PanPan...ColAng,MacMul,PanTro,PapAnu,PapCyn	2
773	AotNan,CalJac,ColAng,GorGor,HomSap,MacMul,PanTro,PapAnu,PapCyn...HylMol,MacNem,PanPan	2
774	AotNan,ColAng,MacNem,PanPan,PanTro,PapAnu,PapCyn...CalJac,GorGor,HomSap,HylMol,MacMul	2
775	AotNan,ColAng,GorGor,HomSap,MacMul,PanPan,PapAnu,PapCyn...CalJac,HylMol,MacNem,PanTro	2
776	AotNan,ColAng,HylMol,MacMul,MacNem,PanPan...CalJac,GorGor,HomSap,PanTro,PapAnu,PapCyn	2
777	AotNan,CalJac,HylMol,PanPan,PanTro,PapCyn...ColAng,GorGor,HomSap,MacMul,MacNem,PapAnu	2
778	AotNan,CalJac,ColAng,GorGor,HylMol,MacNem,PanPan,PanTro,PapAnu...HomSap,MacMul,PapCyn	2
779	AotNan,CalJac,HomSap,HylMol,MacNem,PapAnu,PapCyn...ColAng,GorGor,MacMul,PanPan,PanTro	2
780	AotNan,ColAng,GorGor,MacMul...CalJac,HomSap,HylMol,MacNem,PanPan,PanTro,PapAnu,PapCyn	2
781	AotNan,CalJac,GorGor,HylMol,PanPan,PapAnu...ColAng,HomSap,MacMul,MacNem,PanTro,PapCyn	2
782	AotNan,CalJac,HomSap,HylMol,PapCyn...ColAng,GorGor,MacMul,MacNem,PanPan,PanTro,PapAnu	2
783	AotNan,ColAng,GorGor,HomSap,HylMol,MacMul,MacNem,PanPan,PapAnu...CalJac,PanTro,PapCyn	2
784	AotNan,CalJac,GorGor,HylMol,MacMul,MacNem,PapAnu...ColAng,HomSap,PanPan,PanTro,PapCyn	2
785	AotNan,CalJac,GorGor,HomSap,HylMol,MacMul,MacNem,PanTro,PapCyn...ColAng,PanPan,PapAnu	2
786	AotNan,ColAng,HylMol,PapAnu...CalJac,GorGor,HomSap,MacMul,MacNem,PanPan,PanTro,PapCyn	2
787	AotNan,HylMol,MacNem,PanPan,PanTro...CalJac,ColAng,GorGor,HomSap,MacMul,PapAnu,PapCyn	2
788	AotNan,CalJac,GorGor,MacMul,MacNem,PanTro...ColAng,HomSap,HylMol,PanPan,PapAnu,PapCyn	2
789	AotNan,CalJac,HomSap,HylMol,MacMul,MacNem,PanPan...ColAng,GorGor,PanTro,PapAnu,PapCyn	2
790	AotNan,CalJac,ColAng,GorGor,MacMul,MacNem,PanPan...HomSap,HylMol,PanTro,PapAnu,PapCyn	2
791	AotNan,GorGor,HylMol,MacMul...CalJac,ColAng,HomSap,MacNem,PanPan,PanTro,PapAnu,PapCyn	2
792	AotNan,CalJac,GorGor,HomSap,MacMul,PanPan,PanTro,PapAnu...ColAng,HylMol,MacNem,PapCyn	2
793	AotNan,HomSap,HylMol,PanPan,PanTro,PapAnu...CalJac,ColAng,GorGor,MacMul,MacNem,PapCyn	2
794	AotNan,CalJac,GorGor,PanPan,PanTro,PapAnu...ColAng,HomSap,HylMol,MacMul,MacNem,PapCyn	2
795	AotNan,ColAng,HomSap,MacMul,MacNem...CalJac,GorGor,HylMol,PanPan,PanTro,PapAnu,PapCyn	2
796	AotNan,CalJac,ColAng,HomSap,PanPan,PanTro,PapCyn...GorGor,HylMol,MacMul,MacNem,PapAnu	2
797	AotNan,CalJac,ColAng,GorGor,HylMol,MacMul,PanPan,PanTro,PapCyn...HomSap,MacNem,PapAnu	2
798	AotNan,CalJac,GorGor,HomSap,MacNem,PapAnu,PapCyn...ColAng,HylMol,MacMul,PanPan,PanTro	2
799	AotNan,ColAng,HomSap,HylMol,PanPan,PanTro,PapCyn...CalJac,GorGor,MacMul,MacNem,PapAnu	2
800	AotNan,CalJac,GorGor,MacMul,PapAnu,PapCyn...ColAng,HomSap,HylMol,MacNem,PanPan,PanTro	2
801	AotNan,CalJac,GorGor,HomSap,MacMul...ColAng,HylMol,MacNem,PanPan,PanTro,PapAnu,PapCyn	2
802	AotNan,CalJac,HomSap,HylMol,MacMul,MacNem,PanTro...ColAng,GorGor,PanPan,PapAnu,PapCyn	2
803	AotNan,GorGor,MacMul,MacNem,PapAnu...CalJac,ColAng,HomSap,HylMol,PanPan,PanTro,PapCyn	2
804	AotNan,ColAng,MacMul,MacNem,PanTro...CalJac,GorGor,HomSap,HylMol,PanPan,PapAnu,PapCyn	2
805	AotNan,GorGor,HomSap,HylMol,MacMul,MacNem...CalJac,ColAng,PanPan,PanTro,PapAnu,PapCyn	2
806	AotNan,CalJac,GorGor,MacNem,PapAnu,PapCyn...ColAng,HomSap,HylMol,MacMul,PanPan,PanTro	2
807	AotNan,ColAng,GorGor,HomSap,HylMol,PapCyn...CalJac,MacMul,MacNem,PanPan,PanTro,PapAnu	2
808	AotNan,ColAng,HomSap,HylMol,MacMul,PanPan,PanTro...CalJac,GorGor,MacNem,PapAnu,PapCyn	2
809	AotNan,CalJac,GorGor,HomSap,HylMol,PanPan,PapAnu...ColAng,MacMul,MacNem,PanTro,PapCyn	2
810	AotNan,CalJac,MacMul,MacNem,PanPan,PanTro,PapCyn...ColAng,GorGor,HomSap,HylMol,PapAnu	2
811	AotNan,CalJac,ColAng,HylMol,MacMul,PanTro,PapAnu,PapCyn...GorGor,HomSap,MacNem,PanPan	2
812	AotNan,CalJac,GorGor,HomSap,PapAnu...ColAng,HylMol,MacMul,MacNem,PanPan,PanTro,PapCyn	2
813	AotNan,HylMol,MacMul,MacNem,PanTro...CalJac,ColAng,GorGor,HomSap,PanPan,PapAnu,PapCyn	2
814	AotNan,CalJac,ColAng,PanPan,PapAnu...GorGor,HomSap,HylMol,MacMul,MacNem,PanTro,PapCyn	2
815	AotNan,ColAng,HylMol,MacMul,PanPan,PanTro,PapAnu,PapCyn...CalJac,GorGor,HomSap,MacNem	2
816	AotNan,CalJac,ColAng,MacMul,PanPan,PanTro...GorGor,HomSap,HylMol,MacNem,PapAnu,PapCyn	2
817	AotNan,CalJac,GorGor,HomSap,PapCyn...ColAng,HylMol,MacMul,MacNem,PanPan,PanTro,PapAnu	2
818	AotNan,CalJac,GorGor,HylMol,PanPan,PapAnu,PapCyn...ColAng,HomSap,MacMul,MacNem,PanTro	2
819	AotNan,CalJac,HylMol,MacMul,PanPan,PanTro...ColAng,GorGor,HomSap,MacNem,PapAnu,PapCyn	2
820	AotNan,PanPan,PanTro,PapCyn...CalJac,ColAng,GorGor,HomSap,HylMol,MacMul,MacNem,PapAnu	2
821	AotNan,CalJac,ColAng,HylMol,MacMul,PanPan,PanTro...GorGor,HomSap,MacNem,PapAnu,PapCyn	2
822	AotNan,CalJac,GorGor,PanTro,PapAnu,PapCyn...ColAng,HomSap,HylMol,MacMul,MacNem,PanPan	2
823	AotNan,HomSap,PanPan,PanTro,PapAnu...CalJac,ColAng,GorGor,HylMol,MacMul,MacNem,PapCyn	2
824	AotNan,ColAng,HomSap,MacNem...CalJac,GorGor,HylMol,MacMul,PanPan,PanTro,PapAnu,PapCyn	2
825	AotNan,CalJac,ColAng,HylMol,MacNem,PanPan,PanTro...GorGor,HomSap,MacMul,PapAnu,PapCyn	2
826	AotNan,CalJac,MacNem,PanPan,PapAnu,PapCyn...ColAng,GorGor,HomSap,HylMol,MacMul,PanTro	2
827	AotNan,CalJac,ColAng,GorGor,HomSap,MacNem...HylMol,MacMul,PanPan,PanTro,PapAnu,PapCyn	2
828	AotNan,MacNem,PanPan...CalJac,ColAng,GorGor,HomSap,HylMol,MacMul,PanTro,PapAnu,PapCyn	2
829	AotNan,ColAng,HomSap,MacNem,PanPan,PanTro,PapAnu,PapCyn...CalJac,GorGor,HylMol,MacMul	2
830	AotNan,CalJac,HomSap,MacNem,PanPan,PanTro,PapAnu,PapCyn...ColAng,GorGor,HylMol,MacMul	2
831	AotNan,GorGor,HomSap,HylMol,PanTro,PapAnu,PapCyn...CalJac,ColAng,MacMul,MacNem,PanPan	2
832	AotNan,CalJac,GorGor,HylMol,MacMul,PapAnu,PapCyn...ColAng,HomSap,MacNem,PanPan,PanTro	2
833	AotNan,CalJac,HomSap,PanTro,PapAnu,PapCyn...ColAng,GorGor,HylMol,MacMul,MacNem,PanPan	2
834	AotNan,GorGor,HylMol,MacNem,PanPan,PanTro...CalJac,ColAng,HomSap,MacMul,PapAnu,PapCyn	2
835	AotNan,CalJac,GorGor,HomSap,HylMol,MacMul,PanPan,PapAnu,PapCyn...ColAng,MacNem,PanTro	2
836	AotNan,CalJac,GorGor,HomSap,MacNem,PanPan,PanTro,PapAnu...ColAng,HylMol,MacMul,PapCyn	2
837	AotNan,ColAng,GorGor,MacMul,MacNem,PapCyn...CalJac,HomSap,HylMol,PanPan,PanTro,PapAnu	2
838	AotNan,MacNem,PapAnu...CalJac,ColAng,GorGor,HomSap,HylMol,MacMul,PanPan,PanTro,PapCyn	2
839	AotNan,CalJac,ColAng,PanPan,PanTro,PapAnu...GorGor,HomSap,HylMol,MacMul,MacNem,PapCyn	2
840	AotNan,ColAng,HomSap,HylMol,MacMul,MacNem,PanPan...CalJac,GorGor,PanTro,PapAnu,PapCyn	2
841	AotNan,GorGor,HylMol,PapAnu...CalJac,ColAng,HomSap,MacMul,MacNem,PanPan,PanTro,PapCyn	2
842	AotNan,GorGor,HomSap,HylMol,MacMul,MacNem,PanPan...CalJac,ColAng,PanTro,PapAnu,PapCyn	2
843	AotNan,CalJac,ColAng,GorGor,MacMul,PanPan,PanTro...HomSap,HylMol,MacNem,PapAnu,PapCyn	2
844	AotNan,ColAng,GorGor,HylMol,MacMul,MacNem,PanPan,PanTro,PapAnu...CalJac,HomSap,PapCyn	2
845	AotNan,CalJac,HomSap,MacMul,MacNem,PanTro...ColAng,GorGor,HylMol,PanPan,PapAnu,PapCyn	2
846	AotNan,CalJac,GorGor,HomSap,MacNem,PanPan,PanTro,PapCyn...ColAng,HylMol,MacMul,PapAnu	2
847	AotNan,CalJac,GorGor,HylMol,PanPan,PanTro,PapCyn...ColAng,HomSap,MacMul,MacNem,PapAnu	2
848	AotNan,ColAng,HomSap,HylMol,MacNem,PanPan,PanTro...CalJac,GorGor,MacMul,PapAnu,PapCyn	2
849	AotNan,ColAng,GorGor,HomSap,HylMol,MacNem,PanPan,PapAnu,PapCyn...CalJac,MacMul,PanTro	2
850	AotNan,ColAng,HomSap,HylMol,MacMul,PapAnu,PapCyn...CalJac,GorGor,MacNem,PanPan,PanTro	2
851	AotNan,ColAng,GorGor,HomSap,MacMul,MacNem,PanTro...CalJac,HylMol,PanPan,PapAnu,PapCyn	2
852	AotNan,CalJac,HomSap,MacMul,MacNem,PanPan...ColAng,GorGor,HylMol,PanTro,PapAnu,PapCyn	2
853	AotNan,CalJac,HomSap,HylMol,PanPan,PapAnu,PapCyn...ColAng,GorGor,MacMul,MacNem,PanTro	2
854	AotNan,CalJac,ColAng,HomSap,PanTro,PapAnu,PapCyn...GorGor,HylMol,MacMul,MacNem,PanPan	2
855	AotNan,ColAng,GorGor,HomSap,PanPan,PapAnu,PapCyn...CalJac,HylMol,MacMul,MacNem,PanTro	2
856	AotNan,CalJac,ColAng,HylMol,MacMul,MacNem,PanPan,PapCyn...GorGor,HomSap,PanTro,PapAnu	2
857	AotNan,CalJac,GorGor,MacMul,MacNem,PapAnu...ColAng,HomSap,HylMol,PanPan,PanTro,PapCyn	2
858	AotNan,CalJac,ColAng,GorGor,HomSap,MacNem,PanPan,PanTro,PapAnu...HylMol,MacMul,PapCyn	2
859	AotNan,ColAng,GorGor,PanTro...CalJac,HomSap,HylMol,MacMul,MacNem,PanPan,PapAnu,PapCyn	2
860	AotNan,HomSap,HylMol,MacMul,MacNem,PanPan,PapAnu,PapCyn...CalJac,ColAng,GorGor,PanTro	2
861	AotNan,CalJac,GorGor,HomSap,MacNem,PanPan,PapAnu,PapCyn...ColAng,HylMol,MacMul,PanTro	2
862	AotNan,CalJac,HomSap,MacMul,MacNem,PanPan,PanTro,PapCyn...ColAng,GorGor,HylMol,PapAnu	2
863	AotNan,GorGor,HylMol,MacNem,PanPan,PanTro,PapAnu,PapCyn...CalJac,ColAng,HomSap,MacMul	2
864	AotNan,ColAng,HomSap,HylMol,PanTro...CalJac,GorGor,MacMul,MacNem,PanPan,PapAnu,PapCyn	2
865	AotNan,CalJac,HylMol,MacMul,PanPan,PanTro,PapAnu,PapCyn...ColAng,GorGor,HomSap,MacNem	2
866	AotNan,CalJac,GorGor,HomSap,MacMul,MacNem,PanTro...ColAng,HylMol,PanPan,PapAnu,PapCyn	2
867	AotNan,ColAng,GorGor,HomSap,HylMol,MacNem,PanPan,PanTro,PapAnu...CalJac,MacMul,PapCyn	2
868	AotNan,CalJac,GorGor,HomSap,HylMol,PanTro,PapAnu...ColAng,MacMul,MacNem,PanPan,PapCyn	2
869	AotNan,CalJac,GorGor,MacMul,MacNem,PanPan...ColAng,HomSap,HylMol,PanTro,PapAnu,PapCyn	2
870	AotNan,CalJac,ColAng,HomSap,HylMol,PanTro,PapCyn...GorGor,MacMul,MacNem,PanPan,PapAnu	1
871	AotNan,GorGor,HomSap,HylMol,MacNem...CalJac,ColAng,MacMul,PanPan,PanTro,PapAnu,PapCyn	1
872	AotNan,CalJac,ColAng,GorGor,HomSap,MacMul,MacNem,PanPan,PapCyn...HylMol,PanTro,PapAnu	1
873	AotNan,GorGor,HylMol,MacMul,MacNem,PanPan,PapAnu,PapCyn...CalJac,ColAng,HomSap,PanTro	1
874	AotNan,ColAng,HylMol,MacMul,MacNem,PanTro...CalJac,GorGor,HomSap,PanPan,PapAnu,PapCyn	1
875	AotNan,CalJac,ColAng,GorGor,HylMol,MacMul,MacNem,PanTro,PapCyn...HomSap,PanPan,PapAnu	1
876	AotNan,CalJac,ColAng,HomSap,PanPan,PapAnu,PapCyn...GorGor,HylMol,MacMul,MacNem,PanTro	1
877	AotNan,CalJac,MacMul,PanPan,PanTro,PapCyn...ColAng,GorGor,HomSap,HylMol,MacNem,PapAnu	1
878	AotNan,CalJac,GorGor,HomSap,MacMul,PanPan,PanTro,PapCyn...ColAng,HylMol,MacNem,PapAnu	1
879	AotNan,HomSap,HylMol,PanPan,PanTro,PapCyn...CalJac,ColAng,GorGor,MacMul,MacNem,PapAnu	1
880	AotNan,GorGor,HomSap,PanTro,PapAnu,PapCyn...CalJac,ColAng,HylMol,MacMul,MacNem,PanPan	1
881	AotNan,HomSap,MacNem,PapAnu...CalJac,ColAng,GorGor,HylMol,MacMul,PanPan,PanTro,PapCyn	1
882	AotNan,CalJac,ColAng,GorGor,HylMol,MacMul,MacNem,PanPan,PapCyn...HomSap,PanTro,PapAnu	1
883	AotNan,CalJac,ColAng,HomSap,MacMul,PanPan,PapAnu,PapCyn...GorGor,HylMol,MacNem,PanTro	1
884	AotNan,HomSap,PanPan,PapCyn...CalJac,ColAng,GorGor,HylMol,MacMul,MacNem,PanTro,PapAnu	1
885	AotNan,ColAng,HomSap,HylMol,MacMul,PanTro,PapAnu,PapCyn...CalJac,GorGor,MacNem,PanPan	1
886	AotNan,ColAng,HomSap,MacMul...CalJac,GorGor,HylMol,MacNem,PanPan,PanTro,PapAnu,PapCyn	1
887	AotNan,ColAng,GorGor,HomSap,MacMul...CalJac,HylMol,MacNem,PanPan,PanTro,PapAnu,PapCyn	1
888	AotNan,ColAng,GorGor,HomSap,MacNem,PanPan,PapAnu,PapCyn...CalJac,HylMol,MacMul,PanTro	1
889	AotNan,CalJac,HylMol,MacNem,PanPan...ColAng,GorGor,HomSap,MacMul,PanTro,PapAnu,PapCyn	1
890	AotNan,HylMol,PanPan,PapCyn...CalJac,ColAng,GorGor,HomSap,MacMul,MacNem,PanTro,PapAnu	1
891	AotNan,CalJac,HomSap,HylMol,MacMul,MacNem,PapAnu...ColAng,GorGor,PanPan,PanTro,PapCyn	1
892	AotNan,PanTro,PapAnu...CalJac,ColAng,GorGor,HomSap,HylMol,MacMul,MacNem,PanPan,PapCyn	1
893	AotNan,CalJac,ColAng,GorGor,HomSap,HylMol,PanPan,PapCyn...MacMul,MacNem,PanTro,PapAnu	1
894	AotNan,CalJac,ColAng,GorGor,PanPan,PapAnu,PapCyn...HomSap,HylMol,MacMul,MacNem,PanTro	1
895	AotNan,MacNem,PanPan,PapAnu,PapCyn...CalJac,ColAng,GorGor,HomSap,HylMol,MacMul,PanTro	1
896	AotNan,ColAng,MacMul,MacNem,PanPan,PanTro,PapAnu...CalJac,GorGor,HomSap,HylMol,PapCyn	1
897	AotNan,PanPan,PapCyn...CalJac,ColAng,GorGor,HomSap,HylMol,MacMul,MacNem,PanTro,PapAnu	1
898	AotNan,GorGor,HomSap,MacMul,MacNem,PanPan...CalJac,ColAng,HylMol,PanTro,PapAnu,PapCyn	1
899	AotNan,GorGor,HylMol,MacMul,MacNem,PanPan,PanTro,PapCyn...CalJac,ColAng,HomSap,PapAnu	1
900	AotNan,ColAng,HomSap,HylMol,MacNem,PapAnu,PapCyn...CalJac,GorGor,MacMul,PanPan,PanTro	1
901	AotNan,CalJac,ColAng,HylMol,MacNem,PanTro,PapAnu,PapCyn...GorGor,HomSap,MacMul,PanPan	1
902	AotNan,CalJac,HomSap,MacNem,PanPan...ColAng,GorGor,HylMol,MacMul,PanTro,PapAnu,PapCyn	1
903	AotNan,CalJac,ColAng,MacMul,PanPan...GorGor,HomSap,HylMol,MacNem,PanTro,PapAnu,PapCyn	1
904	AotNan,HomSap,HylMol,PapCyn...CalJac,ColAng,GorGor,MacMul,MacNem,PanPan,PanTro,PapAnu	1
905	AotNan,CalJac,HomSap,MacMul,MacNem,PapAnu...ColAng,GorGor,HylMol,PanPan,PanTro,PapCyn	1
906	AotNan,GorGor,HomSap,HylMol,MacMul,MacNem,PapAnu...CalJac,ColAng,PanPan,PanTro,PapCyn	1
907	AotNan,CalJac,GorGor,HomSap,MacMul,PanTro...ColAng,HylMol,MacNem,PanPan,PapAnu,PapCyn	1
908	AotNan,ColAng,GorGor,HylMol,MacMul,MacNem,PanTro,PapAnu...CalJac,HomSap,PanPan,PapCyn	1
909	AotNan,CalJac,GorGor,HomSap,MacMul,MacNem,PapCyn...ColAng,HylMol,PanPan,PanTro,PapAnu	1
910	AotNan,CalJac,GorGor,HomSap,MacMul,MacNem,PanTro,PapAnu...ColAng,HylMol,PanPan,PapCyn	1
911	AotNan,CalJac,ColAng,HomSap,PanTro,PapAnu...GorGor,HylMol,MacMul,MacNem,PanPan,PapCyn	1
912	AotNan,CalJac,ColAng,GorGor,MacMul,MacNem,PanTro...HomSap,HylMol,PanPan,PapAnu,PapCyn	1
913	AotNan,CalJac,ColAng,HylMol,MacMul,PanTro...GorGor,HomSap,MacNem,PanPan,PapAnu,PapCyn	1
914	AotNan,CalJac,ColAng,HomSap,HylMol,MacMul...GorGor,MacNem,PanPan,PanTro,PapAnu,PapCyn	1
915	AotNan,ColAng,MacMul,MacNem,PanPan,PapAnu...CalJac,GorGor,HomSap,HylMol,PanTro,PapCyn	1
916	AotNan,CalJac,GorGor,PanPan,PapAnu,PapCyn...ColAng,HomSap,HylMol,MacMul,MacNem,PanTro	1
917	AotNan,ColAng,GorGor,HomSap,MacMul,MacNem,PanPan,PapCyn...CalJac,HylMol,PanTro,PapAnu	1
918	AotNan,ColAng,HylMol,MacMul,MacNem,PanPan,PanTro,PapCyn...CalJac,GorGor,HomSap,PapAnu	1
919	AotNan,CalJac,ColAng,GorGor,HomSap,PapCyn...HylMol,MacMul,MacNem,PanPan,PanTro,PapAnu	1
920	AotNan,ColAng,GorGor,HomSap,HylMol,MacMul,PanPan,PanTro,PapAnu...CalJac,MacNem,PapCyn	1
921	AotNan,HylMol,PanPan,PapAnu,PapCyn...CalJac,ColAng,GorGor,HomSap,MacMul,MacNem,PanTro	1
922	AotNan,CalJac,HylMol,MacNem,PanPan,PanTro,PapCyn...ColAng,GorGor,HomSap,MacMul,PapAnu	1
923	AotNan,CalJac,GorGor,MacNem,PapAnu...ColAng,HomSap,HylMol,MacMul,PanPan,PanTro,PapCyn	1
924	AotNan,CalJac,ColAng,HomSap,MacMul,MacNem,PanTro,PapCyn...GorGor,HylMol,PanPan,PapAnu	1
925	AotNan,GorGor,HomSap,HylMol,MacNem,PanPan,PanTro,PapCyn...CalJac,ColAng,MacMul,PapAnu	1
926	AotNan,ColAng,GorGor,HylMol,MacNem,PanPan,PanTro...CalJac,HomSap,MacMul,PapAnu,PapCyn	1
927	AotNan,ColAng,GorGor,HomSap,HylMol,MacMul...CalJac,MacNem,PanPan,PanTro,PapAnu,PapCyn	1
928	AotNan,CalJac,ColAng,GorGor,HomSap,HylMol,PanPan,PapAnu...MacMul,MacNem,PanTro,PapCyn	1
929	AotNan,ColAng,GorGor,HomSap,MacMul,MacNem,PanTro,PapCyn...CalJac,HylMol,PanPan,PapAnu	1
930	AotNan,ColAng,GorGor,HomSap,MacMul,MacNem,PanPan...CalJac,HylMol,PanTro,PapAnu,PapCyn	1
931	AotNan,GorGor,MacMul,MacNem,PapCyn...CalJac,ColAng,HomSap,HylMol,PanPan,PanTro,PapAnu	1
932	AotNan,CalJac,GorGor,HomSap,HylMol,PanPan,PapCyn...ColAng,MacMul,MacNem,PanTro,PapAnu	1
933	AotNan,CalJac,ColAng,GorGor,HomSap,HylMol,MacMul,PanTro...MacNem,PanPan,PapAnu,PapCyn	1
934	AotNan,ColAng,MacNem,PapCyn...CalJac,GorGor,HomSap,HylMol,MacMul,PanPan,PanTro,PapAnu	1
935	AotNan,CalJac,ColAng,GorGor,HylMol,MacMul,MacNem,PanTro,PapAnu...HomSap,PanPan,PapCyn	1
936	AotNan,CalJac,HomSap,HylMol,MacNem,PapAnu...ColAng,GorGor,MacMul,PanPan,PanTro,PapCyn	1
937	AotNan,GorGor,HomSap,HylMol,PapAnu...CalJac,ColAng,MacMul,MacNem,PanPan,PanTro,PapCyn	1
938	AotNan,ColAng,GorGor,PanPan,PanTro,PapCyn...CalJac,HomSap,HylMol,MacMul,MacNem,PapAnu	1
939	AotNan,ColAng,GorGor,MacMul,PapAnu,PapCyn...CalJac,HomSap,HylMol,MacNem,PanPan,PanTro	1
940	AotNan,CalJac,ColAng,HomSap,HylMol,MacMul,PanPan,PanTro,PapCyn...GorGor,MacNem,PapAnu	1
941	AotNan,ColAng,HomSap,HylMol,MacMul,PanPan,PanTro,PapCyn...CalJac,GorGor,MacNem,PapAnu	1
942	AotNan,CalJac,ColAng,HomSap,HylMol,MacMul,MacNem,PanTro,PapCyn...GorGor,PanPan,PapAnu	1
943	AotNan,GorGor,HomSap,HylMol,MacMul...CalJac,ColAng,MacNem,PanPan,PanTro,PapAnu,PapCyn	1
944	AotNan,CalJac,ColAng,GorGor,HylMol,MacMul,PanPan,PanTro,PapAnu...HomSap,MacNem,PapCyn	1
945	AotNan,ColAng,MacMul,PanPan,PanTro,PapAnu,PapCyn...CalJac,GorGor,HomSap,HylMol,MacNem	1
946	AotNan,GorGor,PanPan,PapAnu...CalJac,ColAng,HomSap,HylMol,MacMul,MacNem,PanTro,PapCyn	1
947	AotNan,CalJac,ColAng,GorGor,MacMul,PanPan,PanTro,PapAnu...HomSap,HylMol,MacNem,PapCyn	1
948	AotNan,HylMol,PanPan,PanTro,PapAnu...CalJac,ColAng,GorGor,HomSap,MacMul,MacNem,PapCyn	1
949	AotNan,CalJac,GorGor,HomSap,HylMol,PapCyn...ColAng,MacMul,MacNem,PanPan,PanTro,PapAnu	1
950	AotNan,CalJac,ColAng,GorGor,HomSap,HylMol,MacMul,PapAnu...MacNem,PanPan,PanTro,PapCyn	1
951	AotNan,ColAng,GorGor,MacNem,PanPan,PanTro,PapAnu,PapCyn...CalJac,HomSap,HylMol,MacMul	1
952	AotNan,ColAng,GorGor,HylMol,MacMul,PanPan,PanTro...CalJac,HomSap,MacNem,PapAnu,PapCyn	1
953	AotNan,CalJac,HylMol,MacNem,PanPan,PapAnu,PapCyn...ColAng,GorGor,HomSap,MacMul,PanTro	1
954	AotNan,CalJac,ColAng,GorGor,HylMol,PanTro,PapAnu...HomSap,MacMul,MacNem,PanPan,PapCyn	1
955	AotNan,CalJac,ColAng,GorGor,HomSap,HylMol,MacMul,PapCyn...MacNem,PanPan,PanTro,PapAnu	1
956	AotNan,CalJac,ColAng,GorGor,HomSap,MacMul,MacNem,PanTro,PapAnu...HylMol,PanPan,PapCyn	1
957	AotNan,CalJac,ColAng,MacNem,PanPan,PapAnu,PapCyn...GorGor,HomSap,HylMol,MacMul,PanTro	1
958	AotNan,CalJac,GorGor,MacMul,MacNem,PanPan,PanTro,PapAnu...ColAng,HomSap,HylMol,PapCyn	1
959	AotNan,ColAng,HomSap,HylMol,PapCyn...CalJac,GorGor,MacMul,MacNem,PanPan,PanTro,PapAnu	1
960	AotNan,HomSap,MacNem,PanTro...CalJac,ColAng,GorGor,HylMol,MacMul,PanPan,PapAnu,PapCyn	1
961	AotNan,HylMol,PanTro,PapAnu...CalJac,ColAng,GorGor,HomSap,MacMul,MacNem,PanPan,PapCyn	1
962	AotNan,CalJac,ColAng,MacNem,PanTro,PapAnu,PapCyn...GorGor,HomSap,HylMol,MacMul,PanPan	1
963	AotNan,CalJac,ColAng,GorGor,HomSap,MacMul,MacNem,PanPan,PapAnu...HylMol,PanTro,PapCyn	1
964	AotNan,GorGor,PanPan,PanTro,PapAnu...CalJac,ColAng,HomSap,HylMol,MacMul,MacNem,PapCyn	1
965	AotNan,CalJac,ColAng,GorGor,MacMul,PapCyn...HomSap,HylMol,MacNem,PanPan,PanTro,PapAnu	1
966	AotNan,CalJac,ColAng,MacNem,PanPan...GorGor,HomSap,HylMol,MacMul,PanTro,PapAnu,PapCyn	1
967	AotNan,CalJac,GorGor,MacMul,PanTro...ColAng,HomSap,HylMol,MacNem,PanPan,PapAnu,PapCyn	1
968	AotNan,CalJac,ColAng,HomSap,HylMol,MacMul,PanPan,PanTro,PapAnu...GorGor,MacNem,PapCyn	1
969	AotNan,HomSap,PapCyn...CalJac,ColAng,GorGor,HylMol,MacMul,MacNem,PanPan,PanTro,PapAnu	1
970	AotNan,ColAng,HomSap,PapAnu...CalJac,GorGor,HylMol,MacMul,MacNem,PanPan,PanTro,PapCyn	1
971	AotNan,PanTro,PapCyn...CalJac,ColAng,GorGor,HomSap,HylMol,MacMul,MacNem,PanPan,PapAnu	1
972	AotNan,CalJac,ColAng,HomSap,MacMul,PanTro...GorGor,HylMol,MacNem,PanPan,PapAnu,PapCyn	1
973	AotNan,ColAng,GorGor,HylMol,PanTro...CalJac,HomSap,MacMul,MacNem,PanPan,PapAnu,PapCyn	1
974	AotNan,CalJac,HomSap,MacMul,PanPan...ColAng,GorGor,HylMol,MacNem,PanTro,PapAnu,PapCyn	1
975	AotNan,ColAng,GorGor,HomSap,HylMol,MacNem,PanPan...CalJac,MacMul,PanTro,PapAnu,PapCyn	1
976	AotNan,HomSap,HylMol,MacNem,PanPan,PanTro...CalJac,ColAng,GorGor,MacMul,PapAnu,PapCyn	1
977	AotNan,HomSap,HylMol,MacNem...CalJac,ColAng,GorGor,MacMul,PanPan,PanTro,PapAnu,PapCyn	1
978	AotNan,GorGor,HomSap,MacMul,PanPan,PanTro,PapAnu...CalJac,ColAng,HylMol,MacNem,PapCyn	1
979	AotNan,CalJac,ColAng,MacMul,MacNem,PanPan,PapCyn...GorGor,HomSap,HylMol,PanTro,PapAnu	1
980	AotNan,CalJac,ColAng,HylMol,MacMul,MacNem,PanPan,PapAnu...GorGor,HomSap,PanTro,PapCyn	1
981	AotNan,GorGor,HomSap,HylMol,MacNem,PanTro,PapAnu,PapCyn...CalJac,ColAng,MacMul,PanPan	1
982	AotNan,GorGor,MacMul,MacNem,PanPan,PapAnu,PapCyn...CalJac,ColAng,HomSap,HylMol,PanTro	1
983	AotNan,ColAng,GorGor,HomSap,PapAnu...CalJac,HylMol,MacMul,MacNem,PanPan,PanTro,PapCyn	1
984	AotNan,ColAng,MacNem,PapAnu...CalJac,GorGor,HomSap,HylMol,MacMul,PanPan,PanTro,PapCyn	1
985	AotNan,CalJac,HomSap,PanPan,PapAnu,PapCyn...ColAng,GorGor,HylMol,MacMul,MacNem,PanTro	1
986	AotNan,ColAng,HylMol,MacMul,MacNem,PanPan,PanTro...CalJac,GorGor,HomSap,PapAnu,PapCyn	1
987	AotNan,CalJac,ColAng,HomSap,HylMol,MacMul,PanTro...GorGor,MacNem,PanPan,PapAnu,PapCyn	1
988	AotNan,CalJac,ColAng,HomSap,HylMol,MacNem,PanPan,PanTro,PapCyn...GorGor,MacMul,PapAnu	1
989	AotNan,CalJac,GorGor,HomSap,MacMul,PanPan...ColAng,HylMol,MacNem,PanTro,PapAnu,PapCyn	1
990	AotNan,GorGor,HylMol,MacMul,MacNem,PanTro,PapCyn...CalJac,ColAng,HomSap,PanPan,PapAnu	1
991	AotNan,CalJac,HomSap,MacMul,MacNem,PapCyn...ColAng,GorGor,HylMol,PanPan,PanTro,PapAnu	1
992	AotNan,ColAng,HomSap,HylMol,MacMul,MacNem,PapCyn...CalJac,GorGor,PanPan,PanTro,PapAnu	1
993	AotNan,GorGor,MacNem,PapAnu,PapCyn...CalJac,ColAng,HomSap,HylMol,MacMul,PanPan,PanTro	1
994	AotNan,CalJac,ColAng,HylMol,MacNem,PanPan,PanTro,PapCyn...GorGor,HomSap,MacMul,PapAnu	1
995	AotNan,ColAng,GorGor,HomSap,MacMul,PanTro,PapAnu,PapCyn...CalJac,HylMol,MacNem,PanPan	1
996	AotNan,HylMol,MacMul,PanPan,PanTro...CalJac,ColAng,GorGor,HomSap,MacNem,PapAnu,PapCyn	1
997	AotNan,CalJac,GorGor,HomSap,HylMol,MacNem,PanTro...ColAng,MacMul,PanPan,PapAnu,PapCyn	1
998	AotNan,MacMul,PanPan...CalJac,ColAng,GorGor,HomSap,HylMol,MacNem,PanTro,PapAnu,PapCyn	1
999	AotNan,ColAng,MacNem,PanTro...CalJac,GorGor,HomSap,HylMol,MacMul,PanPan,PapAnu,PapCyn	1
1000	AotNan,GorGor,MacMul,PanPan,PanTro,PapAnu,PapCyn...CalJac,ColAng,HomSap,HylMol,MacNem	1
1001	AotNan,ColAng,GorGor,MacMul,PanPan,PanTro,PapAnu,PapCyn...CalJac,HomSap,HylMol,MacNem	1
1002	AotNan,CalJac,GorGor,HylMol,MacMul,MacNem,PanPan...ColAng,HomSap,PanTro,PapAnu,PapCyn	1
1003	AotNan,MacNem,PanTro...CalJac,ColAng,GorGor,HomSap,HylMol,MacMul,PanPan,PapAnu,PapCyn	1
1004	AotNan,CalJac,HylMol,MacMul,MacNem,PanPan,PanTro,PapCyn...ColAng,GorGor,HomSap,PapAnu	1
1005	AotNan,CalJac,ColAng,HylMol,MacMul,PapCyn...GorGor,HomSap,MacNem,PanPan,PanTro,PapAnu	1
1006	AotNan,CalJac,GorGor,HomSap,MacMul,PanTro,PapAnu,PapCyn...ColAng,HylMol,MacNem,PanPan	1
1007	AotNan,CalJac,ColAng,GorGor,PanPan,PanTro,PapAnu...HomSap,HylMol,MacMul,MacNem,PapCyn	1
1008	AotNan,HomSap,MacMul,MacNem,PanTro...CalJac,ColAng,GorGor,HylMol,PanPan,PapAnu,PapCyn	1
1009	AotNan,CalJac,HomSap,HylMol,MacMul,PanPan,PanTro,PapCyn...ColAng,GorGor,MacNem,PapAnu	1
1010	AotNan,CalJac,GorGor,HylMol,PanTro,PapAnu...ColAng,HomSap,MacMul,MacNem,PanPan,PapCyn	1
1011	AotNan,CalJac,GorGor,HylMol,PanTro,PapAnu,PapCyn...ColAng,HomSap,MacMul,MacNem,PanPan	1
1012	AotNan,CalJac,ColAng,HylMol,MacNem,PapCyn...GorGor,HomSap,MacMul,PanPan,PanTro,PapAnu	1
1013	AotNan,CalJac,ColAng,GorGor,HomSap,MacMul...HylMol,MacNem,PanPan,PanTro,PapAnu,PapCyn	1
1014	AotNan,HylMol,MacNem,PapAnu...CalJac,ColAng,GorGor,HomSap,MacMul,PanPan,PanTro,PapCyn	1
1015	AotNan,CalJac,ColAng,GorGor,HomSap,MacMul,PanPan,PanTro,PapCyn...HylMol,MacNem,PapAnu	1
1016	AotNan,CalJac,ColAng,MacMul,PanTro,PapAnu,PapCyn...GorGor,HomSap,HylMol,MacNem,PanPan	1
1017	AotNan,HylMol,MacMul,PanPan,PanTro,PapAnu,PapCyn...CalJac,ColAng,GorGor,HomSap,MacNem	1
1018	AotNan,CalJac,ColAng,HomSap,MacMul,MacNem,PanTro,PapAnu...GorGor,HylMol,PanPan,PapCyn	1
1019	AotNan,CalJac,ColAng,HomSap,MacNem,PanPan,PapAnu,PapCyn...GorGor,HylMol,MacMul,PanTro	1
1020	AotNan,GorGor,MacMul...CalJac,ColAng,HomSap,HylMol,MacNem,PanPan,PanTro,PapAnu,PapCyn	1
1021	AotNan,CalJac,ColAng,GorGor,MacMul,MacNem,PanTro,PapCyn...HomSap,HylMol,PanPan,PapAnu	1
1022	AotNan,ColAng,GorGor,MacMul,MacNem,PanPan...CalJac,HomSap,HylMol,PanTro,PapAnu,PapCyn	1
1023	AotNan,CalJac,HomSap,HylMol,PanPan,PapCyn...ColAng,GorGor,MacMul,MacNem,PanTro,PapAnu	1
1024	AotNan,ColAng,GorGor,HomSap,MacNem,PapAnu,PapCyn...CalJac,HylMol,MacMul,PanPan,PanTro	1
1025	AotNan,CalJac,ColAng,HylMol,PanPan,PanTro,PapCyn...GorGor,HomSap,MacMul,MacNem,PapAnu	1
1026	AotNan,CalJac,ColAng,HylMol,PanPan,PanTro,PapAnu...GorGor,HomSap,MacMul,MacNem,PapCyn	1
1027	AotNan,ColAng,GorGor,HomSap,MacMul,PapAnu,PapCyn...CalJac,HylMol,MacNem,PanPan,PanTro	1
1028	AotNan,HomSap,HylMol,PanPan,PapAnu,PapCyn...CalJac,ColAng,GorGor,MacMul,MacNem,PanTro	1
1029	AotNan,PanPan,PapAnu...CalJac,ColAng,GorGor,HomSap,HylMol,MacMul,MacNem,PanTro,PapCyn	1
1030	AotNan,GorGor,HomSap,HylMol,MacNem,PanPan,PanTro,PapAnu...CalJac,ColAng,MacMul,PapCyn	1
1031	AotNan,ColAng,HomSap,PanPan,PanTro,PapAnu...CalJac,GorGor,HylMol,MacMul,MacNem,PapCyn	1
1032	AotNan,GorGor,HomSap,HylMol,MacMul,PanPan,PanTro,PapCyn...CalJac,ColAng,MacNem,PapAnu	1
1033	AotNan,HomSap,HylMol,MacMul,PapAnu,PapCyn...CalJac,ColAng,GorGor,MacNem,PanPan,PanTro	1
1034	AotNan,CalJac,ColAng,GorGor,HomSap,HylMol,MacNem,PapAnu...MacMul,PanPan,PanTro,PapCyn	1
1035	AotNan,ColAng,GorGor,HomSap,HylMol,MacNem...CalJac,MacMul,PanPan,PanTro,PapAnu,PapCyn	1
1036	AotNan,CalJac,GorGor,HomSap,MacMul,MacNem,PanPan...ColAng,HylMol,PanTro,PapAnu,PapCyn	1
1037	AotNan,GorGor,PanPan,PanTro,PapCyn...CalJac,ColAng,HomSap,HylMol,MacMul,MacNem,PapAnu	1
1038	AotNan,CalJac,ColAng,HomSap,HylMol,MacNem,PanTro,PapAnu,PapCyn...GorGor,MacMul,PanPan	1
1039	AotNan,CalJac,HylMol,MacMul,MacNem,PanTro,PapAnu...ColAng,GorGor,HomSap,PanPan,PapCyn	1
1040	AotNan,GorGor,MacMul,PanTro...CalJac,ColAng,HomSap,HylMol,MacNem,PanPan,PapAnu,PapCyn	1
1041	AotNan,GorGor,MacMul,MacNem,PanPan...CalJac,ColAng,HomSap,HylMol,PanTro,PapAnu,PapCyn	1
1042	AotNan,GorGor,HomSap,MacMul,MacNem,PapCyn...CalJac,ColAng,HylMol,PanPan,PanTro,PapAnu	1
1043	AotNan,GorGor,HylMol,PanPan,PanTro,PapCyn...CalJac,ColAng,HomSap,MacMul,MacNem,PapAnu	1
1044	AotNan,ColAng,PanPan,PanTro,PapAnu...CalJac,GorGor,HomSap,HylMol,MacMul,MacNem,PapCyn	1
1045	AotNan,ColAng,HomSap,HylMol,PanPan...CalJac,GorGor,MacMul,MacNem,PanTro,PapAnu,PapCyn	1
1046	AotNan,ColAng,HomSap,HylMol,MacMul,MacNem,PanPan,PapCyn...CalJac,GorGor,PanTro,PapAnu	1
1047	AotNan,CalJac,ColAng,HylMol,MacNem,PanTro...GorGor,HomSap,MacMul,PanPan,PapAnu,PapCyn	1
1048	AotNan,ColAng,PanPan,PapAnu,PapCyn...CalJac,GorGor,HomSap,HylMol,MacMul,MacNem,PanTro	1
1049	AotNan,GorGor,HomSap,HylMol,MacMul,PanPan,PapAnu,PapCyn...CalJac,ColAng,MacNem,PanTro	1
1050	AotNan,CalJac,HylMol,MacNem,PanTro,PapAnu,PapCyn...ColAng,GorGor,HomSap,MacMul,PanPan	1
1051	AotNan,CalJac,GorGor,HomSap,MacMul,MacNem,PapAnu...ColAng,HylMol,PanPan,PanTro,PapCyn	1
1052	AotNan,ColAng,GorGor,HomSap,HylMol,MacNem,PanTro...CalJac,MacMul,PanPan,PapAnu,PapCyn	1
1053	AotNan,CalJac,HomSap,HylMol,MacMul,MacNem,PanTro,PapCyn...ColAng,GorGor,PanPan,PapAnu	1
1054	AotNan,CalJac,GorGor,HomSap,MacMul,PanPan,PapAnu,PapCyn...ColAng,HylMol,MacNem,PanTro	1
1055	AotNan,ColAng,GorGor,HylMol,MacMul,MacNem,PanPan...CalJac,HomSap,PanTro,PapAnu,PapCyn	1
1056	AotNan,ColAng,GorGor,HomSap,PanTro,PapAnu,PapCyn...CalJac,HylMol,MacMul,MacNem,PanPan	1
1057	AotNan,CalJac,HylMol,PanPan,PapAnu...ColAng,GorGor,HomSap,MacMul,MacNem,PanTro,PapCyn	1
1058	AotNan,CalJac,ColAng,HylMol,PanTro,PapCyn...GorGor,HomSap,MacMul,MacNem,PanPan,PapAnu	1
1059	AotNan,CalJac,ColAng,HomSap,HylMol,PapAnu...GorGor,MacMul,MacNem,PanPan,PanTro,PapCyn	1
1060	AotNan,ColAng,HomSap,MacMul,MacNem,PapCyn...CalJac,GorGor,HylMol,PanPan,PanTro,PapAnu	1
1061	AotNan,GorGor,HylMol,MacNem,PapAnu,PapCyn...CalJac,ColAng,HomSap,MacMul,PanPan,PanTro	1
1062	AotNan,HomSap,PanTro,PapAnu,PapCyn...CalJac,ColAng,GorGor,HylMol,MacMul,MacNem,PanPan	1
1063	AotNan,HylMol,MacNem,PanTro...CalJac,ColAng,GorGor,HomSap,MacMul,PanPan,PapAnu,PapCyn	1
